,uuid,timestamp,gps_lat,gps_lon,gps_alt,file_size,width,height,s3_path,url
4921,062ab73f7e443c74d092e7cbf24b49e32af9e81d,2015-10-08 17:31:51,33.390859999999996,-80.2646066666667,471.0,5068670.0,4288.0,2848.0,s3://ladi/Images/FEMA_CAP/1013/20187/DSC_0302_427b2dc3-0bd6-4f70-8aac-d95b2fb121da.jpg,https://ladi.s3-us-west-2.amazonaws.com/Images/FEMA_CAP/1013/20187/DSC_0302_427b2dc3-0bd6-4f70-8aac-d95b2fb121da.jpg
9102,c939c68de2fd69696d9429021de37b4046801d0d,2017-09-26 12:37:40,18.209281666666698,-65.74155999999999,276.0,8322582.0,4496.0,3000.0,s3://ladi/Images/FEMA_CAP/9075/614001/A0027-93_4b1a5023-219f-41a6-a534-473fee0eef4b.jpg,https://ladi.s3-us-west-2.amazonaws.com/Images/FEMA_CAP/9075/614001/A0027-93_4b1a5023-219f-41a6-a534-473fee0eef4b.jpg
14041,8ea555fb6e66c93a5299f24868f92bb37cb21cf4,2017-09-08 11:34:44,29.7876816666667,-95.5034833333333,380.0,14079668.0,6000.0,4000.0,s3://ladi/Images/FEMA_CAP/9073/613897/DSC_4971_416ee98d-b2e1-4cd0-873c-e73f284dff6a.jpg,https://ladi.s3-us-west-2.amazonaws.com/Images/FEMA_CAP/9073/613897/DSC_4971_416ee98d-b2e1-4cd0-873c-e73f284dff6a.jpg
16480,110aecee7ce103cf681503fb43dcf83f0e3d4339,2016-10-09 14:34:12,29.2045616666667,-81.19166,492.0,9903231.0,6000.0,4000.0,s3://ladi/Images/FEMA_CAP/3042/291505/DSC_1152_e4698d35-0b24-495b-b935-746565c69311.jpg,https://ladi.s3-us-west-2.amazonaws.com/Images/FEMA_CAP/3042/291505/DSC_1152_e4698d35-0b24-495b-b935-746565c69311.jpg
16940,188ff460cb9b84edef39765423bccc7f3f130ba3,2017-09-09 14:52:08,18.3112633333333,-65.311385,407.0,9532474.0,6000.0,4000.0,s3://ladi/Images/FEMA_CAP/9074/613608/DSC_1708_282243ee-74e8-4677-b70e-55b4cfff4694.jpg,https://ladi.s3-us-west-2.amazonaws.com/Images/FEMA_CAP/9074/613608/DSC_1708_282243ee-74e8-4677-b70e-55b4cfff4694.jpg
18088,62fe7439feba51d6d7b3ed009220a138bc2c1c19,2017-09-09 15:14:21,18.136483333333302,-65.43944499999999,514.0,13355586.0,6000.0,4000.0,s3://ladi/Images/FEMA_CAP/9074/613608/DSC_1847_39bd7635-eda9-492c-90c0-b42a63d4fd20.jpg,https://ladi.s3-us-west-2.amazonaws.com/Images/FEMA_CAP/9074/613608/DSC_1847_39bd7635-eda9-492c-90c0-b42a63d4fd20.jpg
18089,2f048dcc7ddd81fde77d7f5c43c4842d72017261,2017-09-09 15:14:29,18.132635,-65.4420333333333,496.0,10504404.0,6000.0,4000.0,s3://ladi/Images/FEMA_CAP/9074/613608/DSC_1848_fe176fba-8d0d-4e6e-9235-539900167f2e.jpg,https://ladi.s3-us-west-2.amazonaws.com/Images/FEMA_CAP/9074/613608/DSC_1848_fe176fba-8d0d-4e6e-9235-539900167f2e.jpg
19395,bb60cb646daea35a020ba069588b5ee3144a634d,2017-09-08 18:34:17,29.9966233333333,-93.9295566666667,326.0,15291943.0,6000.0,4000.0,s3://ladi/Images/FEMA_CAP/9073/613904/CAP_1308_8a134dc1-53d5-4f7b-a1f9-f1f37c767769.jpg,https://ladi.s3-us-west-2.amazonaws.com/Images/FEMA_CAP/9073/613904/CAP_1308_8a134dc1-53d5-4f7b-a1f9-f1f37c767769.jpg
19437,3b388e2161de568d70faf561dd74fa97ee351a94,2017-09-09 15:26:46,18.1414166666667,-65.4960566666667,449.0,12042393.0,6000.0,4000.0,s3://ladi/Images/FEMA_CAP/9074/613608/DSC_1978_67f4d01f-ef7e-4205-b9d2-1687f650c636.jpg,https://ladi.s3-us-west-2.amazonaws.com/Images/FEMA_CAP/9074/613608/DSC_1978_67f4d01f-ef7e-4205-b9d2-1687f650c636.jpg
19440,edb27475d10a4d34dd81297f6501d4e89ab42e0f,2017-09-09 15:26:49,18.14105,-65.49756500000001,453.0,12676096.0,6000.0,4000.0,s3://ladi/Images/FEMA_CAP/9074/613608/DSC_1981_f89219a0-d7ca-4fa9-8ccd-c356db084468.jpg,https://ladi.s3-us-west-2.amazonaws.com/Images/FEMA_CAP/9074/613608/DSC_1981_f89219a0-d7ca-4fa9-8ccd-c356db084468.jpg
38648,77f03c037c018e53255b5c9b77100a7b1fa09fb1,2017-10-10 12:20:04,18.0482666666667,-66.4997566666667,409.0,4773588.0,3600.0,2400.0,s3://ladi/Images/FEMA_CAP/9075/614073/A0014_AP_dc6e3420-6ad5-48bf-926d-bbdfb45dc45d.jpg,https://ladi.s3-us-west-2.amazonaws.com/Images/FEMA_CAP/9075/614073/A0014_AP_dc6e3420-6ad5-48bf-926d-bbdfb45dc45d.jpg
46493,0e507763aa85eb86472f2fc6aee62039ec89931c,2017-09-26 14:26:39,18.209038888888898,-65.7344888888889,490.0,3481564.0,4608.0,3456.0,s3://ladi/Images/FEMA_CAP/9075/614003/A0027V01_26cb625d-a29a-4912-9625-765584d40390.jpg,https://ladi.s3-us-west-2.amazonaws.com/Images/FEMA_CAP/9075/614003/A0027V01_26cb625d-a29a-4912-9625-765584d40390.jpg
46509,08b235bc81c721fa25af60a0749dca58bbb2f4c4,2017-09-26 14:23:39,18.2150527777778,-65.7375638888889,464.0,3518192.0,4608.0,3456.0,s3://ladi/Images/FEMA_CAP/9075/614003/A0027V01_572c26f0-a6c0-495b-9a30-9c8db9e72f59.jpg,https://ladi.s3-us-west-2.amazonaws.com/Images/FEMA_CAP/9075/614003/A0027V01_572c26f0-a6c0-495b-9a30-9c8db9e72f59.jpg
46519,6f4202e6181d240844de942e30fb91115c127f54,2017-10-19 14:01:27,18.217895000000002,-66.5856133333333,1237.0,6269889.0,3600.0,2400.0,s3://ladi/Images/FEMA_CAP/9075/614147/A0032_AP_e92dde73-6380-4210-8163-ed78b7d6d81c.jpg,https://ladi.s3-us-west-2.amazonaws.com/Images/FEMA_CAP/9075/614147/A0032_AP_e92dde73-6380-4210-8163-ed78b7d6d81c.jpg
51507,88cff144edd4932e5a0d38f1e80c9cb851610347,2016-10-09 20:20:30,31.516306666666697,-81.2529016666667,470.0,6262374.0,6000.0,4000.0,s3://ladi/Images/FEMA_CAP/3045/291543/DSC_2416_871b5950-99e6-44bf-9cd2-e06382c9c060.jpg,https://ladi.s3-us-west-2.amazonaws.com/Images/FEMA_CAP/3045/291543/DSC_2416_871b5950-99e6-44bf-9cd2-e06382c9c060.jpg
55001,1e567d9d5f892f665d669785c7651b08c054d0fe,2017-09-08 19:50:37,28.02528,-97.0704016666667,505.0,10503422.0,6000.0,4000.0,s3://ladi/Images/FEMA_CAP/9073/613926/DSC_3232.JPG,https://ladi.s3-us-west-2.amazonaws.com/Images/FEMA_CAP/9073/613926/DSC_3232.JPG
63545,f88bee166b4c4c83bfa27105ae66b2b920c61723,2017-09-28 15:12:43,18.32601,-66.3972866666667,655.0,8044758.0,4496.0,3000.0,s3://ladi/Images/FEMA_CAP/9075/614010/A0029AP-_a36d6a59-05d5-4045-b9be-b82b5a6e87ba.jpg,https://ladi.s3-us-west-2.amazonaws.com/Images/FEMA_CAP/9075/614010/A0029AP-_a36d6a59-05d5-4045-b9be-b82b5a6e87ba.jpg
71042,81fef9267cc3d3c633c5c62eb1673411d1f063b8,2016-10-09 21:54:44,31.500113333333303,-81.3968583333333,470.0,6245608.0,6000.0,4000.0,s3://ladi/Images/FEMA_CAP/3045/291543/DSC_3324_cc03ffff-8fe6-4736-a3aa-c9bcc0f63e3e.jpg,https://ladi.s3-us-west-2.amazonaws.com/Images/FEMA_CAP/3045/291543/DSC_3324_cc03ffff-8fe6-4736-a3aa-c9bcc0f63e3e.jpg
71706,8c134080bc42db9868f9088ce15cc19a9e5f780f,2017-10-11 14:47:49,18.4082683333333,-66.10974,418.0,7516979.0,4496.0,3000.0,s3://ladi/Images/FEMA_CAP/9075/614079/A0022_AP_38caca48-ae07-4b0c-91c1-941811d9ea6c.jpg,https://ladi.s3-us-west-2.amazonaws.com/Images/FEMA_CAP/9075/614079/A0022_AP_38caca48-ae07-4b0c-91c1-941811d9ea6c.jpg
84152,c2a4aaafff3561152e4cfea9605e238bc0e88eb1,2017-09-08 12:35:26,29.680091666666698,-95.65225,325.0,12688826.0,6000.0,4000.0,s3://ladi/Images/FEMA_CAP/9073/613898/DSC_5679_3241445c-cbe9-44a9-a3ab-fdbc718c533d.jpg,https://ladi.s3-us-west-2.amazonaws.com/Images/FEMA_CAP/9073/613898/DSC_5679_3241445c-cbe9-44a9-a3ab-fdbc718c533d.jpg
91930,2d68e39d7c4f6a2cc61f51d929275902b596a240,2017-09-01 16:29:57,29.849404999999997,-93.94615999999999,331.0,9940744.0,6000.0,4000.0,s3://ladi/Images/FEMA_CAP/9073/613577/DSC_0565_e3c3749f-743a-4f8e-b1bc-77ddf89c4daf.jpg,https://ladi.s3-us-west-2.amazonaws.com/Images/FEMA_CAP/9073/613577/DSC_0565_e3c3749f-743a-4f8e-b1bc-77ddf89c4daf.jpg
95023,a84a806d21bb01aae5ba7a97d2decf436ef46a72,2017-09-01 16:51:42,29.85422,-94.1063066666667,352.0,8401868.0,6000.0,4000.0,s3://ladi/Images/FEMA_CAP/9073/613577/DSC_0702_3d522392-e54e-4006-9a62-3cb902fc7525.jpg,https://ladi.s3-us-west-2.amazonaws.com/Images/FEMA_CAP/9073/613577/DSC_0702_3d522392-e54e-4006-9a62-3cb902fc7525.jpg
96795,14b375638f3e3f3138743575ed18f04aca3004a2,2017-09-28 15:56:38,18.4417583333333,-66.3852466666667,418.0,6459524.0,4496.0,3000.0,s3://ladi/Images/FEMA_CAP/9075/614011/A0008AP-_e821f51e-22bd-4506-ad08-4a9bc4187e31.jpg,https://ladi.s3-us-west-2.amazonaws.com/Images/FEMA_CAP/9075/614011/A0008AP-_e821f51e-22bd-4506-ad08-4a9bc4187e31.jpg
99168,0d5cb963ad3d5f42e7250a331cb4fb6282a9bbbb,2017-09-10 12:15:26,30.241013333333303,-93.7860033333333,491.0,13505527.0,6000.0,4000.0,s3://ladi/Images/FEMA_CAP/9073/613808/DSC_956683e2e7b0-f381-4595-a037-dab2aca3e5d6.jpg,https://ladi.s3-us-west-2.amazonaws.com/Images/FEMA_CAP/9073/613808/DSC_956683e2e7b0-f381-4595-a037-dab2aca3e5d6.jpg
106528,0f594217609315be2d876eb16ed47f3d58bdf10f,2017-09-08 09:41:39,30.2008033333333,-94.1614083333333,335.0,16767134.0,6000.0,4000.0,s3://ladi/Images/FEMA_CAP/9073/613886/DSC_1449_16537b45-5122-4a35-b253-e51dff8235ff.jpg,https://ladi.s3-us-west-2.amazonaws.com/Images/FEMA_CAP/9073/613886/DSC_1449_16537b45-5122-4a35-b253-e51dff8235ff.jpg
110954,7fd4a8bc8c3cd9b18e3302474d5e93a61ba55eef,2017-10-07 11:24:42,18.274186666666697,-66.5338533333333,1002.0,7244442.0,4496.0,3000.0,s3://ladi/Images/FEMA_CAP/9075/614056/A0113_AP_1c160cae-cbe5-453f-aca3-78df16f63186.jpg,https://ladi.s3-us-west-2.amazonaws.com/Images/FEMA_CAP/9075/614056/A0113_AP_1c160cae-cbe5-453f-aca3-78df16f63186.jpg
114292,57dc534fb68ed8575112d00e6bfa30351607e632,2016-10-09 07:58:19,29.8241566666667,-81.5653333333333,418.0,11221555.0,6000.0,4000.0,s3://ladi/Images/FEMA_CAP/3042/291491/StJohnRv_792e8070-afdc-4574-a951-6f9741846737.jpg,https://ladi.s3-us-west-2.amazonaws.com/Images/FEMA_CAP/3042/291491/StJohnRv_792e8070-afdc-4574-a951-6f9741846737.jpg
117518,49780434bc22fe24788e615d21b58d833c860864,2016-10-10 17:41:53,31.1164516666667,-81.5630466666667,458.0,6015359.0,6000.0,4000.0,s3://ladi/Images/FEMA_CAP/3045/291551/DSC_4749_d4f4857e-c12d-4b32-b9d0-184481f1ab09.jpg,https://ladi.s3-us-west-2.amazonaws.com/Images/FEMA_CAP/3045/291551/DSC_4749_d4f4857e-c12d-4b32-b9d0-184481f1ab09.jpg
117941,a04ec6fae04d5cf44150ecaf8d234915850cdf11,2016-10-10 17:47:05,31.13205,-81.6585266666667,462.0,6217468.0,6000.0,4000.0,s3://ladi/Images/FEMA_CAP/3045/291551/DSC_4790_443e8e63-b058-4b39-8a68-a1e8c4eb008e.jpg,https://ladi.s3-us-west-2.amazonaws.com/Images/FEMA_CAP/3045/291551/DSC_4790_443e8e63-b058-4b39-8a68-a1e8c4eb008e.jpg
120731,422005cd1c327472e20c292ada634ba5c1b15997,2016-10-10 12:43:17,29.6800083333333,-81.3241966666667,467.0,6922791.0,6000.0,4000.0,s3://ladi/Images/FEMA_CAP/3042/291547/DSC_2604_dc796cb9-d0fc-4f0a-89aa-56497c553f9f.jpg,https://ladi.s3-us-west-2.amazonaws.com/Images/FEMA_CAP/3042/291547/DSC_2604_dc796cb9-d0fc-4f0a-89aa-56497c553f9f.jpg
121682,cc2073e9a45a351b60ce9109b980e31fb0a337b3,2018-09-22 13:44:15,34.0497433333333,-79.2520516666667,536.0,5870655.0,4288.0,2848.0,s3://ladi/Images/FEMA_CAP/9096/615094/DSC_0151_38dcd646-b820-49f0-a0d6-d0135eddcd7f.jpg,https://ladi.s3-us-west-2.amazonaws.com/Images/FEMA_CAP/9096/615094/DSC_0151_38dcd646-b820-49f0-a0d6-d0135eddcd7f.jpg
122538,0f3ac40b3caf1c9d40c01aefcd64100aa6d6c16c,2016-10-10 13:00:55,29.676070000000003,-81.3445966666667,469.0,7713298.0,6000.0,4000.0,s3://ladi/Images/FEMA_CAP/3042/291547/DSC_2755_e36263fd-8bb4-4982-978e-8276ffa04cb0.jpg,https://ladi.s3-us-west-2.amazonaws.com/Images/FEMA_CAP/3042/291547/DSC_2755_e36263fd-8bb4-4982-978e-8276ffa04cb0.jpg
122976,2ff4cb9c4481b8f9e13b0cbdffe2e86ed44dfe91,2016-10-09 12:21:45,29.2560516666667,-81.0077233333333,452.0,7011342.0,4288.0,2848.0,s3://ladi/Images/FEMA_CAP/3042/291548/DSC_0055_cd20954e-57fc-4bec-bbce-5cd1eafa81b3.jpg,https://ladi.s3-us-west-2.amazonaws.com/Images/FEMA_CAP/3042/291548/DSC_0055_cd20954e-57fc-4bec-bbce-5cd1eafa81b3.jpg
126144,51c51e89eba02d52ad7d7aac3c2402424c3baa83,2017-09-08 13:10:09,30.1895416666667,-94.1230716666667,316.0,17364825.0,6000.0,4000.0,s3://ladi/Images/FEMA_CAP/9073/613887/DSC_1978_a20e0321-c753-49f2-bd0d-ec9d63e70b9e.jpg,https://ladi.s3-us-west-2.amazonaws.com/Images/FEMA_CAP/9073/613887/DSC_1978_a20e0321-c753-49f2-bd0d-ec9d63e70b9e.jpg
129376,9db0741424824d5f0483da52aa69c942e640a5dc,2017-10-11 14:15:28,17.9812333333333,-67.0864533333333,385.0,7819117.0,4496.0,3000.0,s3://ladi/Images/FEMA_CAP/9075/614081/A0001_AP_21e5f743-d485-49e8-9232-387645693723.jpg,https://ladi.s3-us-west-2.amazonaws.com/Images/FEMA_CAP/9075/614081/A0001_AP_21e5f743-d485-49e8-9232-387645693723.jpg
139118,eea9345681de950fedb8f8366edb1cd28d3a6404,2017-09-14 16:15:25,27.214991666666698,-82.3717866666667,309.0,4297879.0,3696.0,2448.0,s3://ladi/Images/FEMA_CAP/9074/613732/DSC_0665_1d3a5d0f-2386-40f2-9e25-7dcee07b0d8f.jpg,https://ladi.s3-us-west-2.amazonaws.com/Images/FEMA_CAP/9074/613732/DSC_0665_1d3a5d0f-2386-40f2-9e25-7dcee07b0d8f.jpg
143641,6af587713083e8fbcd7029ef287314b95e4ccdd0,2017-09-08 19:09:55,27.6308583333333,-97.2222266666667,283.0,9855015.0,6000.0,4000.0,s3://ladi/Images/FEMA_CAP/9073/613928/DSC_0358_5ac3d1d1-01d2-4f9f-9dee-717cbd8f18fd.jpg,https://ladi.s3-us-west-2.amazonaws.com/Images/FEMA_CAP/9073/613928/DSC_0358_5ac3d1d1-01d2-4f9f-9dee-717cbd8f18fd.jpg
152589,629f6f842f391d3429ae61fc593aecd2f9aab74e,2017-09-05 16:48:48,29.69335,-95.30341666666669,563.0,13429051.0,6000.0,4000.0,s3://ladi/Images/FEMA_CAP/9073/613938/DSC_0701_80fd3447-4437-4280-89d4-f136ead4da40.jpg,https://ladi.s3-us-west-2.amazonaws.com/Images/FEMA_CAP/9073/613938/DSC_0701_80fd3447-4437-4280-89d4-f136ead4da40.jpg
153436,bb89bce3967600a2c3839bffbed550eaad6982f7,2017-10-08 13:16:32,18.0740916666667,-66.449185,694.0,7852773.0,4496.0,3000.0,s3://ladi/Images/FEMA_CAP/9075/614061/A0142_AP_6c3af380-4b80-424d-bcc9-8b9678a54eab.jpg,https://ladi.s3-us-west-2.amazonaws.com/Images/FEMA_CAP/9075/614061/A0142_AP_6c3af380-4b80-424d-bcc9-8b9678a54eab.jpg
155274,873400e73b3be121c17b7c000a2e71477a61781a,2017-09-08 15:07:47,30.107731666666698,-93.9326633333333,335.0,14865971.0,6000.0,4000.0,s3://ladi/Images/FEMA_CAP/9073/613899/DSC_4858_6a764b0d-7b51-4bfe-8a8f-ce9588dd097c.jpg,https://ladi.s3-us-west-2.amazonaws.com/Images/FEMA_CAP/9073/613899/DSC_4858_6a764b0d-7b51-4bfe-8a8f-ce9588dd097c.jpg
160998,e8f5c22b86079d0adc62d95687639626bada9f25,2017-10-09 11:20:15,18.342263333333303,-65.9310966666667,431.0,7569274.0,4496.0,3000.0,s3://ladi/Images/FEMA_CAP/9075/614064/A0008_AP_8695c4d9-cb0e-458e-99a3-8124b30ddadc.jpg,https://ladi.s3-us-west-2.amazonaws.com/Images/FEMA_CAP/9075/614064/A0008_AP_8695c4d9-cb0e-458e-99a3-8124b30ddadc.jpg
162774,7b291a2fb6ea835cda474e1687c0b4fc3e9ecb0c,2017-09-01 21:02:46,30.3446166666667,-93.757525,327.0,8784840.0,6000.0,4000.0,s3://ladi/Images/FEMA_CAP/9073/613547/DSC_0762_dce581a3-3eec-4ec1-9eac-466a9dfaa36f.jpg,https://ladi.s3-us-west-2.amazonaws.com/Images/FEMA_CAP/9073/613547/DSC_0762_dce581a3-3eec-4ec1-9eac-466a9dfaa36f.jpg
164792,3f7a1d5fe0812a0892d316126d2efcef80fd6794,2017-09-10 15:32:58,29.9965566666667,-95.5058416666667,404.0,9496174.0,4496.0,3000.0,s3://ladi/Images/FEMA_CAP/9073/613824/DSC_1598_72313759-0017-48bb-ada4-80d16017ac0c.jpg,https://ladi.s3-us-west-2.amazonaws.com/Images/FEMA_CAP/9073/613824/DSC_1598_72313759-0017-48bb-ada4-80d16017ac0c.jpg
166345,97151c128aa9d9747cdcad47f0f96e9a4ce8f482,2017-10-11 08:42:05,18.2192166666667,-66.61196833333331,993.0,6705558.0,4496.0,3000.0,s3://ladi/Images/FEMA_CAP/9075/614089/A0074_AP_106b60c5-dbdb-494d-9ebd-d4c18417e154.jpg,https://ladi.s3-us-west-2.amazonaws.com/Images/FEMA_CAP/9075/614089/A0074_AP_106b60c5-dbdb-494d-9ebd-d4c18417e154.jpg
166755,4c827bde0e98b3b368330f1e91bdbbe5dd487e3f,2017-10-09 10:40:43,18.3624,-66.1777833333333,324.0,7444195.0,4496.0,3000.0,s3://ladi/Images/FEMA_CAP/9075/614066/A0007_AP_8d77dfb3-38fb-4594-a581-0435df5c8c02.jpg,https://ladi.s3-us-west-2.amazonaws.com/Images/FEMA_CAP/9075/614066/A0007_AP_8d77dfb3-38fb-4594-a581-0435df5c8c02.jpg
166817,f73f5eb94cc5a1ce7c06d5a7bf04037ffc0cdcd0,2017-10-11 09:19:18,18.269215,-66.7012133333333,648.0,7461028.0,4496.0,3000.0,s3://ladi/Images/FEMA_CAP/9075/614089/A0074_AP_17e2a850-db28-4592-9b6c-32266068fd85.jpg,https://ladi.s3-us-west-2.amazonaws.com/Images/FEMA_CAP/9075/614089/A0074_AP_17e2a850-db28-4592-9b6c-32266068fd85.jpg
169892,6f2e6584c2290075476374f2f2f947fc686c671d,2018-09-26 17:13:25,34.026321666666696,-78.0302733333333,674.0,11909841.0,6000.0,4000.0,s3://ladi/Images/FEMA_CAP/9096/615121/222_d7fc2170-0968-409a-bcc3-afb2b0312b98.jpg,https://ladi.s3-us-west-2.amazonaws.com/Images/FEMA_CAP/9096/615121/222_d7fc2170-0968-409a-bcc3-afb2b0312b98.jpg
170535,e7207a1a4e8399c477d17635cc580a0ac40c4013,2018-09-27 15:47:59,33.7009633333333,-78.9961216666667,437.0,6096933.0,6000.0,4000.0,s3://ladi/Images/FEMA_CAP/9096/615122/FLO_1276_2daf11bc-61d7-47c0-be2e-0461947c6998.jpg,https://ladi.s3-us-west-2.amazonaws.com/Images/FEMA_CAP/9096/615122/FLO_1276_2daf11bc-61d7-47c0-be2e-0461947c6998.jpg
170577,8ba3b32debc71cf7fd0291d1dcbc655353c7d979,2017-09-10 15:40:46,29.973038333333303,-95.49753333333331,361.0,8860459.0,4496.0,3000.0,s3://ladi/Images/FEMA_CAP/9073/613824/DSC_1646_1b5d209e-817c-4917-9501-a4e2f5ef5ffb.jpg,https://ladi.s3-us-west-2.amazonaws.com/Images/FEMA_CAP/9073/613824/DSC_1646_1b5d209e-817c-4917-9501-a4e2f5ef5ffb.jpg
171155,d529d8ceef9dd12465a6efec4ab9c80c2aa16166,2018-09-27 15:27:19,33.8912555555556,-78.8580527777778,667.0,3517318.0,4608.0,3456.0,s3://ladi/Images/FEMA_CAP/9096/615123/ChrisPet_06b29b69-149b-4ced-950c-605cf7865fcb.jpg,https://ladi.s3-us-west-2.amazonaws.com/Images/FEMA_CAP/9096/615123/ChrisPet_06b29b69-149b-4ced-950c-605cf7865fcb.jpg
171642,b8e22e76768497e77d39522b21fc352d2977cf99,2018-09-27 15:33:29,33.8383055555556,-78.9656972222222,669.0,3492215.0,4608.0,3456.0,s3://ladi/Images/FEMA_CAP/9096/615123/ChrisPet_270b2381-259e-45ba-828c-51cfc8efcd94.jpg,https://ladi.s3-us-west-2.amazonaws.com/Images/FEMA_CAP/9096/615123/ChrisPet_270b2381-259e-45ba-828c-51cfc8efcd94.jpg
171914,cbe09f7ddb615294e93b3e81528f281a2ca6f9b4,2017-09-02 16:31:11,29.65137,-95.9239566666667,367.0,13453175.0,6000.0,4000.0,s3://ladi/Images/FEMA_CAP/9073/613586/DSC_0700_03afcff6-77b8-4474-ad7d-0b76976287db.jpg,https://ladi.s3-us-west-2.amazonaws.com/Images/FEMA_CAP/9073/613586/DSC_0700_03afcff6-77b8-4474-ad7d-0b76976287db.jpg
172536,10c0d380a5cb732d1421903f3c3eb24dbbefcfb9,2018-09-27 15:58:13,33.3157527777778,-79.2751833333333,692.0,3502638.0,4608.0,3456.0,s3://ladi/Images/FEMA_CAP/9096/615123/ChrisPet_765cb5fd-96b1-40da-acdd-aaa0d7dee44f.jpg,https://ladi.s3-us-west-2.amazonaws.com/Images/FEMA_CAP/9096/615123/ChrisPet_765cb5fd-96b1-40da-acdd-aaa0d7dee44f.jpg
174551,ca09f1b87f064d672c01c4002ccf469fb44d2790,2018-09-28 15:03:54,33.901823333333304,-78.8036583333333,552.0,6011771.0,6000.0,4000.0,s3://ladi/Images/FEMA_CAP/9096/615125/MarkBail_3f24ae3d-4fe5-456d-be79-0b6e165924de.jpg,https://ladi.s3-us-west-2.amazonaws.com/Images/FEMA_CAP/9096/615125/MarkBail_3f24ae3d-4fe5-456d-be79-0b6e165924de.jpg
174676,6e5248a2da1c08744c637c3b6b304982c29fd7c7,2017-09-10 08:56:39,29.726940000000003,-95.0273283333333,94.0,12529006.0,6000.0,4000.0,s3://ladi/Images/FEMA_CAP/9073/613829/DSC_9062_49d795b1-b18b-486e-8332-e6719a153bd0.jpg,https://ladi.s3-us-west-2.amazonaws.com/Images/FEMA_CAP/9073/613829/DSC_9062_49d795b1-b18b-486e-8332-e6719a153bd0.jpg
175179,ce847ff3778de5dbf8bb62623008b13fb9ea3a6b,2018-09-28 15:13:14,33.8478383333333,-79.0340033333333,567.0,6117385.0,6000.0,4000.0,s3://ladi/Images/FEMA_CAP/9096/615125/MarkBail_71b00d0e-6ed3-4a83-8e43-a7eebe70d9ad.jpg,https://ladi.s3-us-west-2.amazonaws.com/Images/FEMA_CAP/9096/615125/MarkBail_71b00d0e-6ed3-4a83-8e43-a7eebe70d9ad.jpg
176645,0122b893a9e3eff28014ea46f02620fc40befae1,2018-09-28 11:03:50,33.4430611111111,-79.1121194444444,789.0,3500339.0,4608.0,3456.0,s3://ladi/Images/FEMA_CAP/9096/615126/SteveBla_0225399b-05bb-491c-b415-741c1b5cc04a.jpg,https://ladi.s3-us-west-2.amazonaws.com/Images/FEMA_CAP/9096/615126/SteveBla_0225399b-05bb-491c-b415-741c1b5cc04a.jpg
177153,90911fa7ead1c7e47706ee600c52e8d02c8a3b20,2018-09-28 10:22:15,33.7916083333333,-79.3272,817.0,3523754.0,4608.0,3456.0,s3://ladi/Images/FEMA_CAP/9096/615126/SteveBla_1574337f-8849-4fd3-807c-1fb9a662f526.jpg,https://ladi.s3-us-west-2.amazonaws.com/Images/FEMA_CAP/9096/615126/SteveBla_1574337f-8849-4fd3-807c-1fb9a662f526.jpg
177810,2178938adbe0b4e87d56c2e8eee9d1aed5844463,2018-09-28 11:19:02,33.181963888888895,-79.3907916666667,813.0,3526575.0,4608.0,3456.0,s3://ladi/Images/FEMA_CAP/9096/615126/SteveBla_33822414-8c2d-48fc-bc14-cbb46257596c.jpg,https://ladi.s3-us-west-2.amazonaws.com/Images/FEMA_CAP/9096/615126/SteveBla_33822414-8c2d-48fc-bc14-cbb46257596c.jpg
178402,7b77484479ec82b80922d0a3e1e1edaef5f17645,2018-09-28 10:28:56,33.9048611111111,-79.4532388888889,785.0,3454223.0,4608.0,3456.0,s3://ladi/Images/FEMA_CAP/9096/615126/SteveBla_4d105ba2-af48-47bd-a93a-e07cfe588468.jpg,https://ladi.s3-us-west-2.amazonaws.com/Images/FEMA_CAP/9096/615126/SteveBla_4d105ba2-af48-47bd-a93a-e07cfe588468.jpg
180108,ab12543b9057cf09f227c6d2657afb466ed12044,2018-09-28 11:12:42,33.3144944444444,-79.2814,800.0,3566681.0,4608.0,3456.0,s3://ladi/Images/FEMA_CAP/9096/615126/SteveBla_9b35d8b8-1ca3-48c4-9869-5ee8ef349e84.jpg,https://ladi.s3-us-west-2.amazonaws.com/Images/FEMA_CAP/9096/615126/SteveBla_9b35d8b8-1ca3-48c4-9869-5ee8ef349e84.jpg
181089,d35515d25367ebe6d3b69c4e8ddd288001b22cbc,2018-09-28 10:20:55,33.7591666666667,-79.3116222222222,811.0,3490788.0,4608.0,3456.0,s3://ladi/Images/FEMA_CAP/9096/615126/SteveBla_c3f88d90-e36b-4ba7-92ba-6c43ed19931b.jpg,https://ladi.s3-us-west-2.amazonaws.com/Images/FEMA_CAP/9096/615126/SteveBla_c3f88d90-e36b-4ba7-92ba-6c43ed19931b.jpg
181986,c4136ba0d7688dcfa28c0af95d3ed50225d90d42,2017-10-12 14:13:31,18.0819266666667,-65.9968116666667,829.0,8324311.0,4496.0,3000.0,s3://ladi/Images/FEMA_CAP/9075/614091/A0073_AP_9200ec3c-abff-4d1f-945f-35a6ba8ad3f8.jpg,https://ladi.s3-us-west-2.amazonaws.com/Images/FEMA_CAP/9075/614091/A0073_AP_9200ec3c-abff-4d1f-945f-35a6ba8ad3f8.jpg
182254,30d92ee0f73d7ad7ba71c80db46ae794c172ae29,2018-09-28 09:39:18,33.1240972222222,-79.30565555555549,467.0,3570788.0,4608.0,3456.0,s3://ladi/Images/FEMA_CAP/9096/615126/SteveBla_f8addfcc-2632-4790-b389-e7e35c1eed6d.jpg,https://ladi.s3-us-west-2.amazonaws.com/Images/FEMA_CAP/9096/615126/SteveBla_f8addfcc-2632-4790-b389-e7e35c1eed6d.jpg
182570,672d5b2ad4a157575c419ccd39a4eebf5210b885,2018-09-30 15:16:53,33.3604166666667,-79.2414066666667,419.0,5963844.0,4288.0,2848.0,s3://ladi/Images/FEMA_CAP/9096/615127/TimCooli_015c6ef4-07be-490e-a523-c9c09752a083.jpg,https://ladi.s3-us-west-2.amazonaws.com/Images/FEMA_CAP/9096/615127/TimCooli_015c6ef4-07be-490e-a523-c9c09752a083.jpg
183535,cb09a9e6977c50c1c189a82d4a8bfb47874dc795,2018-09-30 14:57:32,33.3146916666667,-79.37369,475.0,5833250.0,4288.0,2848.0,s3://ladi/Images/FEMA_CAP/9096/615127/TimCooli_64a71ca7-1e1e-455b-a314-b0073a218cb0.jpg,https://ladi.s3-us-west-2.amazonaws.com/Images/FEMA_CAP/9096/615127/TimCooli_64a71ca7-1e1e-455b-a314-b0073a218cb0.jpg
183897,318328b67e25e96f85ac2496d7ab5e5406a7ce11,2017-09-02 01:32:19,29.806265000000003,-94.9241566666667,612.0,11047230.0,6000.0,4000.0,s3://ladi/Images/FEMA_CAP/9073/613549/DSC_1125_1016cd94-bd70-42c6-8d31-a189b2d1503c.jpg,https://ladi.s3-us-west-2.amazonaws.com/Images/FEMA_CAP/9073/613549/DSC_1125_1016cd94-bd70-42c6-8d31-a189b2d1503c.jpg
186115,840ac631deacbb00e736def8c91ca0c78aed345f,2018-10-02 10:06:31,34.082655555555604,-79.2486777777778,775.0,3487261.0,4608.0,3456.0,s3://ladi/Images/FEMA_CAP/9096/615129/BrettGro_330257c3-f070-42d2-a6b9-efd4c819becf.jpg,https://ladi.s3-us-west-2.amazonaws.com/Images/FEMA_CAP/9096/615129/BrettGro_330257c3-f070-42d2-a6b9-efd4c819becf.jpg
187346,8bb646e6f0e0ba69447a56773777be19d94d15fe,2018-10-02 09:51:17,33.6950944444444,-79.06111666666669,771.0,3447596.0,4608.0,3456.0,s3://ladi/Images/FEMA_CAP/9096/615129/BrettGro_6ef4b7e2-460f-4d93-a26d-c8a8e2cfef94.jpg,https://ladi.s3-us-west-2.amazonaws.com/Images/FEMA_CAP/9096/615129/BrettGro_6ef4b7e2-460f-4d93-a26d-c8a8e2cfef94.jpg
188239,4a70a218603ccb6c13438053b7d03032c5de460c,2018-10-02 10:54:58,33.3468638888889,-79.32155555555549,783.0,3472314.0,4608.0,3456.0,s3://ladi/Images/FEMA_CAP/9096/615129/BrettGro_9ce343bd-74ec-4a42-b2f6-a940ff06b125.jpg,https://ladi.s3-us-west-2.amazonaws.com/Images/FEMA_CAP/9096/615129/BrettGro_9ce343bd-74ec-4a42-b2f6-a940ff06b125.jpg
188353,a56e18645eece8dc90ce5591ab2dc63d908f3fac,2017-10-12 14:35:31,18.132575,-65.9950183333333,883.0,7449196.0,4496.0,3000.0,s3://ladi/Images/FEMA_CAP/9075/614092/A0073_AP_d4dd7e1b-7d12-4f9c-a214-dd6b824f169a.jpg,https://ladi.s3-us-west-2.amazonaws.com/Images/FEMA_CAP/9075/614092/A0073_AP_d4dd7e1b-7d12-4f9c-a214-dd6b824f169a.jpg
188559,0382630b2aee755942ce9bd632cf86a42a9c5b45,2017-09-05 13:04:46,30.797623333333302,-93.5870133333333,285.0,5466152.0,4496.0,3000.0,s3://ladi/Images/FEMA_CAP/9073/613934/010_8900_4293b940-b3cd-464b-b3ac-d3ac0e2602cc.jpg,https://ladi.s3-us-west-2.amazonaws.com/Images/FEMA_CAP/9073/613934/010_8900_4293b940-b3cd-464b-b3ac-d3ac0e2602cc.jpg
189363,b07bb34cce99aede0437085da5d2afb904c07c96,2018-10-02 10:19:43,34.1246333333333,-79.21139444444451,779.0,3530685.0,4608.0,3456.0,s3://ladi/Images/FEMA_CAP/9096/615129/BrettGro_de33a4f2-9411-430d-b8a1-9b1efb0f5487.jpg,https://ladi.s3-us-west-2.amazonaws.com/Images/FEMA_CAP/9096/615129/BrettGro_de33a4f2-9411-430d-b8a1-9b1efb0f5487.jpg
189799,a43aafece391b12e855af6f70540639bcc1bdd1c,2018-10-02 10:21:03,34.089525,-79.2279111111111,780.0,3459062.0,4608.0,3456.0,s3://ladi/Images/FEMA_CAP/9096/615129/BrettGro_f4aeed20-a27f-427b-8db4-eb7393bd251a.jpg,https://ladi.s3-us-west-2.amazonaws.com/Images/FEMA_CAP/9096/615129/BrettGro_f4aeed20-a27f-427b-8db4-eb7393bd251a.jpg
192531,8583421147b7692f6fd3d9f1cead9e37b1327d1b,2017-09-05 13:22:13,30.429245,-93.7298433333333,324.0,5047025.0,4496.0,3000.0,s3://ladi/Images/FEMA_CAP/9073/613934/010_9315_6d2ab82f-568c-4aac-958e-322fcb4afebb.jpg,https://ladi.s3-us-west-2.amazonaws.com/Images/FEMA_CAP/9073/613934/010_9315_6d2ab82f-568c-4aac-958e-322fcb4afebb.jpg
192730,640516febb848424e8dc39206c7f635d390ce549,2017-09-05 13:23:40,30.3954866666667,-93.7575216666667,315.0,5677784.0,4496.0,3000.0,s3://ladi/Images/FEMA_CAP/9073/613934/010_9351_de7ef2ac-fee4-44d1-ad27-0335a8e5c8e5.jpg,https://ladi.s3-us-west-2.amazonaws.com/Images/FEMA_CAP/9073/613934/010_9351_de7ef2ac-fee4-44d1-ad27-0335a8e5c8e5.jpg
192796,3eba292834d80bfcc4442054b8effc5bfa648f5c,2017-10-12 21:10:37,18.43365,-66.42671666666669,355.0,7045111.0,4496.0,3000.0,s3://ladi/Images/FEMA_CAP/9075/614094/A0076_AP_0be507b9-8f5f-4b5a-8b7d-b97c39f40021.jpg,https://ladi.s3-us-west-2.amazonaws.com/Images/FEMA_CAP/9075/614094/A0076_AP_0be507b9-8f5f-4b5a-8b7d-b97c39f40021.jpg
192942,4bec5cfebe84cbaa8dd2f610d8ea7f28bbb1dedd,2016-10-10 10:01:39,34.038205,-77.96502,450.0,8627683.0,6000.0,4000.0,s3://ladi/Images/FEMA_CAP/3043/291521/CAP_3203_2abb3c3e-f030-4aa5-bb64-6c6cd7e70143.jpg,https://ladi.s3-us-west-2.amazonaws.com/Images/FEMA_CAP/3043/291521/CAP_3203_2abb3c3e-f030-4aa5-bb64-6c6cd7e70143.jpg
193773,4f674984f7f4970a56bc7a18c9fc16ba596dbf8a,2018-10-03 13:32:29,33.6888694444444,-79.0504138888889,90.0,3508534.0,4608.0,3456.0,s3://ladi/Images/FEMA_CAP/9096/615132/JoeBell-_30dc0378-adf6-47b6-9b55-37d2e2524643.jpg,https://ladi.s3-us-west-2.amazonaws.com/Images/FEMA_CAP/9096/615132/JoeBell-_30dc0378-adf6-47b6-9b55-37d2e2524643.jpg
193954,920e114488c9ded04c6572e1cdd3a90dfa992ed9,2018-10-03 14:02:44,33.616,-79.0943888888889,147.0,3494501.0,4608.0,3456.0,s3://ladi/Images/FEMA_CAP/9096/615132/JoeBell-_3a8308e9-0553-4f75-9b13-2cd0bc9e1517.jpg,https://ladi.s3-us-west-2.amazonaws.com/Images/FEMA_CAP/9096/615132/JoeBell-_3a8308e9-0553-4f75-9b13-2cd0bc9e1517.jpg
193957,7acb871761cf9b6b61676423ba1fe28cbc0c7191,2018-10-03 14:04:44,33.6595611111111,-79.0932972222222,149.0,3469828.0,4608.0,3456.0,s3://ladi/Images/FEMA_CAP/9096/615132/JoeBell-_3cdf8d7e-44ef-4b2e-b65c-1edbb98cc13f.jpg,https://ladi.s3-us-west-2.amazonaws.com/Images/FEMA_CAP/9096/615132/JoeBell-_3cdf8d7e-44ef-4b2e-b65c-1edbb98cc13f.jpg
194148,b73e6eead783764754faeb81525b47f87f9e6114,2018-10-03 13:24:29,33.8251444444444,-78.9921777777778,128.0,3516723.0,4608.0,3456.0,s3://ladi/Images/FEMA_CAP/9096/615132/JoeBell-_4a2222fb-c7a9-452f-8da5-74c5ff276cfd.jpg,https://ladi.s3-us-west-2.amazonaws.com/Images/FEMA_CAP/9096/615132/JoeBell-_4a2222fb-c7a9-452f-8da5-74c5ff276cfd.jpg
194483,ed3fae51814670e45534c1245b0e3db3d13f422c,2018-10-03 13:35:49,33.62065,-79.0838388888889,85.0,3488993.0,4608.0,3456.0,s3://ladi/Images/FEMA_CAP/9096/615132/JoeBell-_766c9f0e-2c3c-4eb9-b7aa-ac5eab852bda.jpg,https://ladi.s3-us-west-2.amazonaws.com/Images/FEMA_CAP/9096/615132/JoeBell-_766c9f0e-2c3c-4eb9-b7aa-ac5eab852bda.jpg
194875,cef548a25b5b1c046446d454980ce12729c94bf9,2018-10-03 13:37:00,33.591586111111106,-79.08727222222221,82.0,3495733.0,4608.0,3456.0,s3://ladi/Images/FEMA_CAP/9096/615132/JoeBell-_87cb7c16-a925-44a1-bd0c-8d868e88da8c.jpg,https://ladi.s3-us-west-2.amazonaws.com/Images/FEMA_CAP/9096/615132/JoeBell-_87cb7c16-a925-44a1-bd0c-8d868e88da8c.jpg
195077,41393d787afb488557228b247a986df2fbae76fc,2018-10-03 13:54:43,33.451666666666696,-79.17859444444441,119.0,3525188.0,4608.0,3456.0,s3://ladi/Images/FEMA_CAP/9096/615132/JoeBell-_9b73c366-de31-4cb1-a765-b175e387320f.jpg,https://ladi.s3-us-west-2.amazonaws.com/Images/FEMA_CAP/9096/615132/JoeBell-_9b73c366-de31-4cb1-a765-b175e387320f.jpg
195369,82f342c3e592d44aa1eb456b9608954761af61ab,2018-10-03 13:23:19,33.846613888888896,-78.98259722222221,141.0,3534507.0,4608.0,3456.0,s3://ladi/Images/FEMA_CAP/9096/615132/JoeBell-_b58f3135-e5d6-4212-a979-2c408978a256.jpg,https://ladi.s3-us-west-2.amazonaws.com/Images/FEMA_CAP/9096/615132/JoeBell-_b58f3135-e5d6-4212-a979-2c408978a256.jpg
195602,a72e1963232944aea6aa5708b698d703b7751469,2018-10-03 14:10:45,33.7802333333333,-79.06072222222221,155.0,3504883.0,4608.0,3456.0,s3://ladi/Images/FEMA_CAP/9096/615132/JoeBell-_d40ae155-9807-4de6-8976-813a43eece74.jpg,https://ladi.s3-us-west-2.amazonaws.com/Images/FEMA_CAP/9096/615132/JoeBell-_d40ae155-9807-4de6-8976-813a43eece74.jpg
195993,33ca5ca95e30cae9b74c5b791767ed10e3bd5de3,2018-10-03 14:03:24,33.6291833333333,-79.10235555555549,148.0,3482290.0,4608.0,3456.0,s3://ladi/Images/FEMA_CAP/9096/615132/JoeBell-_eaed1a72-f734-439f-8894-05d875683e4f.jpg,https://ladi.s3-us-west-2.amazonaws.com/Images/FEMA_CAP/9096/615132/JoeBell-_eaed1a72-f734-439f-8894-05d875683e4f.jpg
196176,f19fe4ccb15a01110d05b85819326cd9549c6589,2018-10-03 12:58:35,33.8906,-78.7885027777778,99.0,3484857.0,4608.0,3456.0,s3://ladi/Images/FEMA_CAP/9096/615132/joebell-_1d5a1bd8-8c84-4966-a231-29544e80d962.jpg,https://ladi.s3-us-west-2.amazonaws.com/Images/FEMA_CAP/9096/615132/joebell-_1d5a1bd8-8c84-4966-a231-29544e80d962.jpg
196485,7e42cc3c070d3d6ab16b7116178dff64fc386a09,2018-10-03 12:59:35,33.886983333333305,-78.7602138888889,95.0,3532970.0,4608.0,3456.0,s3://ladi/Images/FEMA_CAP/9096/615132/joebell-_db3fb4a2-fe85-4161-8b3d-7371f11be470.jpg,https://ladi.s3-us-west-2.amazonaws.com/Images/FEMA_CAP/9096/615132/joebell-_db3fb4a2-fe85-4161-8b3d-7371f11be470.jpg
197583,db3432f6a1c54f1804047cae91e18c27284321d9,2018-10-04 13:35:00,33.8229933333333,-79.000415,384.0,6287876.0,4288.0,2848.0,s3://ladi/Images/FEMA_CAP/9096/615133/DavidBen_b6dde4c1-7cc2-4365-a2f3-6abb0e52eb44.jpg,https://ladi.s3-us-west-2.amazonaws.com/Images/FEMA_CAP/9096/615133/DavidBen_b6dde4c1-7cc2-4365-a2f3-6abb0e52eb44.jpg
197740,7a942792566b9afd113c0dcf411bc4f5c4a74154,2017-09-14 16:56:14,27.141205,-80.8774566666667,305.0,6073107.0,4288.0,2848.0,s3://ladi/Images/FEMA_CAP/9074/613735/DSC_0044_0dd6aaab-055a-4063-af92-85db7575c0b2.jpg,https://ladi.s3-us-west-2.amazonaws.com/Images/FEMA_CAP/9074/613735/DSC_0044_0dd6aaab-055a-4063-af92-85db7575c0b2.jpg
202663,68240d3e7daadf54e5262056b95da55a6f36d205,2017-10-10 15:05:04,18.265996666666698,-66.862735,762.0,5807057.0,6000.0,4000.0,s3://ladi/Images/FEMA_CAP/9075/614071/A0013_AP_519cc2ed-83a4-43d5-a690-aaa54fec6663.jpg,https://ladi.s3-us-west-2.amazonaws.com/Images/FEMA_CAP/9075/614071/A0013_AP_519cc2ed-83a4-43d5-a690-aaa54fec6663.jpg
205812,c84362bd80061e229870e2167e2ce9ee1d14a733,2017-10-10 14:41:28,18.286545,-66.74241500000001,751.0,5633349.0,6000.0,4000.0,s3://ladi/Images/FEMA_CAP/9075/614071/A0013_AP_8a24f17b-197b-4b25-9a51-227d25c393ff.jpg,https://ladi.s3-us-west-2.amazonaws.com/Images/FEMA_CAP/9075/614071/A0013_AP_8a24f17b-197b-4b25-9a51-227d25c393ff.jpg
206010,53960c5d412af17eff6a9bafa350a6aea45f633a,2016-10-10 16:35:00,30.983555,-81.4620683333333,491.0,6078269.0,6000.0,4000.0,s3://ladi/Images/FEMA_CAP/3045/291576/DSC_0489_76dd10a5-c907-4180-ae95-c521e8a3489b.jpg,https://ladi.s3-us-west-2.amazonaws.com/Images/FEMA_CAP/3045/291576/DSC_0489_76dd10a5-c907-4180-ae95-c521e8a3489b.jpg
208570,aa89593b3b7d076f36c991145aacf08e3563f15b,2016-10-10 16:48:19,30.965513333333302,-81.653685,478.0,6028916.0,6000.0,4000.0,s3://ladi/Images/FEMA_CAP/3045/291576/DSC_0636_c87ce51f-e760-401e-bb79-923f815448f4.jpg,https://ladi.s3-us-west-2.amazonaws.com/Images/FEMA_CAP/3045/291576/DSC_0636_c87ce51f-e760-401e-bb79-923f815448f4.jpg
213261,ce23823fabf84a281095b4c2d0785a0a3e790148,2017-09-07 11:21:18,29.045753333333302,-95.148415,288.0,7198828.0,4496.0,3000.0,s3://ladi/Images/FEMA_CAP/9073/613947/DSC_2435_adb2244d-b6f5-481e-98b8-cc484cc8aac5.jpg,https://ladi.s3-us-west-2.amazonaws.com/Images/FEMA_CAP/9073/613947/DSC_2435_adb2244d-b6f5-481e-98b8-cc484cc8aac5.jpg
220914,329e799c90e5e5c38960f7a79f20970a1ef6e9ec,2017-09-10 09:53:48,30.0705283333333,-93.8004133333333,338.0,12065466.0,6000.0,4000.0,s3://ladi/Images/FEMA_CAP/9073/613809/DSC_8512_f472134f-8e09-4123-a13b-749c7c8ba159.jpg,https://ladi.s3-us-west-2.amazonaws.com/Images/FEMA_CAP/9073/613809/DSC_8512_f472134f-8e09-4123-a13b-749c7c8ba159.jpg
220980,0abf32f92e8fd940c64d269bd2b125cd19697204,2017-09-10 09:48:40,29.5891133333333,-95.7146383333333,301.0,10972733.0,6000.0,4000.0,s3://ladi/Images/FEMA_CAP/9073/613823/DSC_7698_fb30792a-b001-4798-a009-589bcbdcd5cf.jpg,https://ladi.s3-us-west-2.amazonaws.com/Images/FEMA_CAP/9073/613823/DSC_7698_fb30792a-b001-4798-a009-589bcbdcd5cf.jpg
229309,67e993c918ef98550be0197da4bc43e6c410c814,2017-09-08 11:41:45,29.4980466666667,-95.30025,296.0,11735660.0,6000.0,4000.0,s3://ladi/Images/FEMA_CAP/9073/613895/DSC_4200_81051e8b-688e-494d-af32-9e3e57b88183.jpg,https://ladi.s3-us-west-2.amazonaws.com/Images/FEMA_CAP/9073/613895/DSC_4200_81051e8b-688e-494d-af32-9e3e57b88183.jpg
232621,e22eb1d42767955d338b084c623c7f2134cceacb,2017-09-10 10:04:27,30.04962,-93.8542666666667,315.0,11917452.0,6000.0,4000.0,s3://ladi/Images/FEMA_CAP/9073/613809/DSC_8881_25135629-0a05-4735-bcc9-e15bf5fb28c4.jpg,https://ladi.s3-us-west-2.amazonaws.com/Images/FEMA_CAP/9073/613809/DSC_8881_25135629-0a05-4735-bcc9-e15bf5fb28c4.jpg
236656,54431799210b756a629bef068e59f8e0198efa6e,2017-09-10 16:08:50,29.534541666666698,-95.512475,405.0,8452238.0,4496.0,3000.0,s3://ladi/Images/FEMA_CAP/9073/613824/DSC_1940_6d3c25a2-0566-4549-9e2d-eabd4738e088.jpg,https://ladi.s3-us-west-2.amazonaws.com/Images/FEMA_CAP/9073/613824/DSC_1940_6d3c25a2-0566-4549-9e2d-eabd4738e088.jpg
238803,7e234096d6248d086ec88e3859a47fb63a57b0d1,2017-09-01 21:17:37,30.584551666666698,-93.681425,326.0,9469420.0,6000.0,4000.0,s3://ladi/Images/FEMA_CAP/9073/613547/DSC_1820_6dcdc34a-aa9b-482b-9fd6-d5780dedf168.jpg,https://ladi.s3-us-west-2.amazonaws.com/Images/FEMA_CAP/9073/613547/DSC_1820_6dcdc34a-aa9b-482b-9fd6-d5780dedf168.jpg
240181,0dddcf37cf6237518a34164162520a6bc4bf8434,2017-09-01 21:18:01,30.593938333333302,-93.6753516666667,298.0,9614395.0,6000.0,4000.0,s3://ladi/Images/FEMA_CAP/9073/613547/DSC_1841_a1be14d8-627a-4c68-a861-a9681a17012d.jpg,https://ladi.s3-us-west-2.amazonaws.com/Images/FEMA_CAP/9073/613547/DSC_1841_a1be14d8-627a-4c68-a861-a9681a17012d.jpg
240553,87280aeb2fc4bcc3da7c3cbb5fd4253bae87cb94,2017-10-02 14:51:04,18.1307916666667,-65.4593483333333,370.0,7798285.0,4496.0,3000.0,s3://ladi/Images/FEMA_CAP/9075/614030/A0101_AP_a546745c-7a7c-4b51-9e8a-ae90fbb7b85b.jpg,https://ladi.s3-us-west-2.amazonaws.com/Images/FEMA_CAP/9075/614030/A0101_AP_a546745c-7a7c-4b51-9e8a-ae90fbb7b85b.jpg
243918,0fa3703245af4d85744cbe781e7b5cfd3ac496b4,2017-09-01 23:05:58,30.241581666666697,-94.1842466666667,353.0,10418668.0,6000.0,4000.0,s3://ladi/Images/FEMA_CAP/9073/613550/DSC_0974_1c7d704f-2b94-41c5-9504-e871c6b71c91.jpg,https://ladi.s3-us-west-2.amazonaws.com/Images/FEMA_CAP/9073/613550/DSC_0974_1c7d704f-2b94-41c5-9504-e871c6b71c91.jpg
245838,08f662b33c5aec4aa76884ef96226239e8596232,2017-09-01 21:19:35,30.634929999999997,-93.6755816666667,311.0,10896430.0,6000.0,4000.0,s3://ladi/Images/FEMA_CAP/9073/613547/DSC_1945_984a5f73-cf56-4c31-892b-e2dd2bcdb7a7.jpg,https://ladi.s3-us-west-2.amazonaws.com/Images/FEMA_CAP/9073/613547/DSC_1945_984a5f73-cf56-4c31-892b-e2dd2bcdb7a7.jpg
248156,82b25967cc13ad8de2d32a1a191ae7bb67616b75,2017-09-01 23:07:53,30.241654999999998,-94.1316433333333,358.0,10901127.0,6000.0,4000.0,s3://ladi/Images/FEMA_CAP/9073/613550/DSC_1054_7f3e5a5a-1eb6-48ec-bf3b-7c3eed651e89.jpg,https://ladi.s3-us-west-2.amazonaws.com/Images/FEMA_CAP/9073/613550/DSC_1054_7f3e5a5a-1eb6-48ec-bf3b-7c3eed651e89.jpg
248495,f0af3ef1fe75bf4916a94cbbccc0b89a8fcf379d,2017-09-10 15:54:18,29.9336016666667,-93.81702,326.0,13225013.0,6000.0,4000.0,s3://ladi/Images/FEMA_CAP/9073/613819/_CAP2590_65ed0c80-40fd-4a9c-9660-4cdc849bd27b.jpg,https://ladi.s3-us-west-2.amazonaws.com/Images/FEMA_CAP/9073/613819/_CAP2590_65ed0c80-40fd-4a9c-9660-4cdc849bd27b.jpg
253515,c7911c492b0c757167790dd8ee862a6671ad40aa,2017-10-04 11:53:43,17.96474,-66.28817,322.0,7293656.0,4496.0,3000.0,s3://ladi/Images/FEMA_CAP/9075/614042/A0080_AP_06e44c48-b484-4ecb-9695-2e51b455691b.jpg,https://ladi.s3-us-west-2.amazonaws.com/Images/FEMA_CAP/9075/614042/A0080_AP_06e44c48-b484-4ecb-9695-2e51b455691b.jpg
254141,a4c3dda44d8299495ab9b8946545aa0e974a9ff3,2017-10-04 11:51:10,17.9677383333333,-66.2924283333333,331.0,7280984.0,4496.0,3000.0,s3://ladi/Images/FEMA_CAP/9075/614042/A0080_AP_1928289f-c15c-42b7-b0f8-132f3e041fa7.jpg,https://ladi.s3-us-west-2.amazonaws.com/Images/FEMA_CAP/9075/614042/A0080_AP_1928289f-c15c-42b7-b0f8-132f3e041fa7.jpg
256931,fd704b104faa112cbf9791c5ee12365f00d3ff60,2017-10-04 10:36:21,17.966823333333302,-66.135735,424.0,8130040.0,4496.0,3000.0,s3://ladi/Images/FEMA_CAP/9075/614042/A0080_AP_75664ce8-3ce9-47d7-93ef-d0455e3dfbe8.jpg,https://ladi.s3-us-west-2.amazonaws.com/Images/FEMA_CAP/9075/614042/A0080_AP_75664ce8-3ce9-47d7-93ef-d0455e3dfbe8.jpg
257373,ba34ee374d6c7ec87cd4fc158979330ec121de8c,2017-10-04 11:53:59,17.971873333333303,-66.2902266666667,319.0,7346228.0,4496.0,3000.0,s3://ladi/Images/FEMA_CAP/9075/614042/A0080_AP_82603004-d0cc-4156-bb02-449d0f29910c.jpg,https://ladi.s3-us-west-2.amazonaws.com/Images/FEMA_CAP/9075/614042/A0080_AP_82603004-d0cc-4156-bb02-449d0f29910c.jpg
259569,32260761bcaae42320022c67c4148d9e64cec849,2017-10-04 11:53:48,17.9668333333333,-66.28891166666669,321.0,6903465.0,4496.0,3000.0,s3://ladi/Images/FEMA_CAP/9075/614042/A0080_AP_e0dc79f3-51f1-45b5-8023-6c12f60aad12.jpg,https://ladi.s3-us-west-2.amazonaws.com/Images/FEMA_CAP/9075/614042/A0080_AP_e0dc79f3-51f1-45b5-8023-6c12f60aad12.jpg
260639,d355d8550640a0da14862026a56bfec71ed741bf,2017-09-10 11:28:20,29.81718,-93.9643483333333,283.0,13360874.0,6000.0,4000.0,s3://ladi/Images/FEMA_CAP/9073/613822/_CAP1056_767966c9-7c39-4f2b-82b3-97605c65a5f4.jpg,https://ladi.s3-us-west-2.amazonaws.com/Images/FEMA_CAP/9073/613822/_CAP1056_767966c9-7c39-4f2b-82b3-97605c65a5f4.jpg
261661,4a0638750a67bc1559720f4c66e6c5468efca7b1,2017-09-10 10:13:57,29.989658333333303,-95.6833233333333,310.0,10842153.0,6000.0,4000.0,s3://ladi/Images/FEMA_CAP/9073/613823/DSC_8401_58a6abe3-761b-4ac8-96bb-de2049edbab6.jpg,https://ladi.s3-us-west-2.amazonaws.com/Images/FEMA_CAP/9073/613823/DSC_8401_58a6abe3-761b-4ac8-96bb-de2049edbab6.jpg
262468,af1bea9d83a7e57ea06ccdc8ea216a20627e7dfd,2017-10-04 09:41:37,18.1594683333333,-67.09963499999999,814.0,6047022.0,4496.0,3000.0,s3://ladi/Images/FEMA_CAP/9075/614043/A0083_AP_7f8a5a39-3712-4bab-8d84-e09775f5078e.jpg,https://ladi.s3-us-west-2.amazonaws.com/Images/FEMA_CAP/9075/614043/A0083_AP_7f8a5a39-3712-4bab-8d84-e09775f5078e.jpg
265442,55c50e7826ca71e055a71ce4af5e2442cb6ef0b1,2017-10-04 15:41:08,17.9840016666667,-66.2420866666667,407.0,6200116.0,4496.0,3000.0,s3://ladi/Images/FEMA_CAP/9075/614044/A0153_AP_18c47038-42df-4b02-a2fd-86e31fc7b566.jpg,https://ladi.s3-us-west-2.amazonaws.com/Images/FEMA_CAP/9075/614044/A0153_AP_18c47038-42df-4b02-a2fd-86e31fc7b566.jpg
265509,08b48a6c412b88355a14f7a706dd5aaa7e822019,2017-09-01 23:12:05,30.2416916666667,-94.0058533333333,363.0,10056085.0,6000.0,4000.0,s3://ladi/Images/FEMA_CAP/9073/613550/DSC_1213_06f39bad-055f-4495-aa81-4d24c5894cbd.jpg,https://ladi.s3-us-west-2.amazonaws.com/Images/FEMA_CAP/9073/613550/DSC_1213_06f39bad-055f-4495-aa81-4d24c5894cbd.jpg
265618,6da6ceb2d01d56b1f44d4ca832c47948645b943a,2017-10-04 15:58:22,17.9571366666667,-66.2949633333333,399.0,5991349.0,4496.0,3000.0,s3://ladi/Images/FEMA_CAP/9075/614044/A0153_AP_28d21664-5b3f-4aaa-980f-199bdfae22fc.jpg,https://ladi.s3-us-west-2.amazonaws.com/Images/FEMA_CAP/9075/614044/A0153_AP_28d21664-5b3f-4aaa-980f-199bdfae22fc.jpg
266294,0e0471d9abad41cd69617617c49ff2683151899e,2017-10-04 15:50:09,17.9747883333333,-66.259365,402.0,7946500.0,4496.0,3000.0,s3://ladi/Images/FEMA_CAP/9075/614044/A0153_AP_5d4609d5-ab71-46af-bb96-c9350dcd068c.jpg,https://ladi.s3-us-west-2.amazonaws.com/Images/FEMA_CAP/9075/614044/A0153_AP_5d4609d5-ab71-46af-bb96-c9350dcd068c.jpg
266651,1367d4ef49e3700aa64b1442db21fddc503f414c,2017-09-20 09:32:56,27.196445,-80.1861233333333,332.0,10777237.0,6000.0,4000.0,s3://ladi/Images/FEMA_CAP/9074/613883/DSC_0892_248e6959-b53e-4809-ab07-d5852fb8b4a6.jpg,https://ladi.s3-us-west-2.amazonaws.com/Images/FEMA_CAP/9074/613883/DSC_0892_248e6959-b53e-4809-ab07-d5852fb8b4a6.jpg
266913,686a1e45a6ad0fba9b623db15d3dc4c7528406f8,2017-09-07 09:57:06,29.251613333333303,-95.8123066666667,355.0,5418880.0,2992.0,2000.0,s3://ladi/Images/FEMA_CAP/9073/613942/DSC_1858_d54d754e-b298-4906-8da3-2af3bc2616e8.jpg,https://ladi.s3-us-west-2.amazonaws.com/Images/FEMA_CAP/9073/613942/DSC_1858_d54d754e-b298-4906-8da3-2af3bc2616e8.jpg
272164,039f029ff9546673afdfd1f513ff88024215b38b,2017-09-10 09:19:22,29.711006666666698,-95.0302933333333,299.0,10926894.0,6000.0,4000.0,s3://ladi/Images/FEMA_CAP/9073/613829/DSC_9725_4f066f1f-b41d-40af-9057-c4efd3f770e6.jpg,https://ladi.s3-us-west-2.amazonaws.com/Images/FEMA_CAP/9073/613829/DSC_9725_4f066f1f-b41d-40af-9057-c4efd3f770e6.jpg
276361,3cdeab9b87146977f5b1568cb3f5ccc83234dc0d,2017-09-20 13:03:06,30.146795,-81.345635,318.0,6159388.0,4288.0,2848.0,s3://ladi/Images/FEMA_CAP/9074/613905/DSC_0395_ff6fd8b2-c560-4ca1-acc1-1e25c53128bf.jpg,https://ladi.s3-us-west-2.amazonaws.com/Images/FEMA_CAP/9074/613905/DSC_0395_ff6fd8b2-c560-4ca1-acc1-1e25c53128bf.jpg
278307,d363f089cf99fd8120a841cf1f4aedf42dfc9adb,2017-09-20 10:59:44,28.581358333333302,-81.4396933333333,392.0,8493140.0,4928.0,3264.0,s3://ladi/Images/FEMA_CAP/9074/613906/DSC_4983_b5f9bdbc-fc88-4db1-9458-e7b0020c7633.jpg,https://ladi.s3-us-west-2.amazonaws.com/Images/FEMA_CAP/9074/613906/DSC_4983_b5f9bdbc-fc88-4db1-9458-e7b0020c7633.jpg
281599,acba6c445cc42b502a0db780adc0fd2834fa6ffe,2017-09-07 12:06:33,29.52948,-95.1587133333333,301.0,12917057.0,6000.0,4000.0,s3://ladi/Images/FEMA_CAP/9073/613946/DSC_5163_332fbf8e-2780-4479-900e-bc5b17bc51b6.jpg,https://ladi.s3-us-west-2.amazonaws.com/Images/FEMA_CAP/9073/613946/DSC_5163_332fbf8e-2780-4479-900e-bc5b17bc51b6.jpg
284373,fe7d442d7d87c66b41d2f64fcc7fa2c15cc393d5,2017-09-20 11:13:52,28.60172,-81.32599,381.0,8686062.0,4928.0,3264.0,s3://ladi/Images/FEMA_CAP/9074/613910/DSC_5238_ff9fe6ff-5418-48bb-864a-4784cf114651.jpg,https://ladi.s3-us-west-2.amazonaws.com/Images/FEMA_CAP/9074/613910/DSC_5238_ff9fe6ff-5418-48bb-864a-4784cf114651.jpg
286904,aba24904db9f7d4a36a4a7eab61b0184362f7663,2017-09-07 12:35:23,30.004611666666698,-95.14979833333331,303.0,14421381.0,6000.0,4000.0,s3://ladi/Images/FEMA_CAP/9073/613946/DSC_6340_cabf6be6-ec6f-4c03-a5ba-f6424be919bd.jpg,https://ladi.s3-us-west-2.amazonaws.com/Images/FEMA_CAP/9073/613946/DSC_6340_cabf6be6-ec6f-4c03-a5ba-f6424be919bd.jpg
294737,0786cc85b812282f6ae629521504ea9c108bee3a,2017-09-10 10:57:39,29.960875,-95.675765,305.0,9743343.0,6000.0,4000.0,s3://ladi/Images/FEMA_CAP/9073/613823/DSC_9682_56b1f823-cb6e-4aa5-bafe-1d1cc7a09202.jpg,https://ladi.s3-us-west-2.amazonaws.com/Images/FEMA_CAP/9073/613823/DSC_9682_56b1f823-cb6e-4aa5-bafe-1d1cc7a09202.jpg
296915,3a1e34f410a8b0ac1a4eb2719a30f66756789637,2017-09-08 10:09:10,29.647915,-95.5429683333333,351.0,16096841.0,6000.0,4000.0,s3://ladi/Images/FEMA_CAP/9073/613897/DSC_4266_9b02c519-368d-44c5-8814-fd7775720b48.jpg,https://ladi.s3-us-west-2.amazonaws.com/Images/FEMA_CAP/9073/613897/DSC_4266_9b02c519-368d-44c5-8814-fd7775720b48.jpg
300256,2ea68f8059d5d7c572f957acace69323ab2423aa,2017-09-01 16:46:43,30.13478,-94.0169816666667,281.0,11790292.0,6000.0,4000.0,s3://ladi/Images/FEMA_CAP/9073/613551/DSC_0112_ca1582ce-aa8a-437f-9a30-5b7d3b4095d1.jpg,https://ladi.s3-us-west-2.amazonaws.com/Images/FEMA_CAP/9073/613551/DSC_0112_ca1582ce-aa8a-437f-9a30-5b7d3b4095d1.jpg
301730,21a35fa1b5b15b7f45e7101d9fa63b88987883b7,2017-09-15 10:33:20,18.439165,-65.8540216666667,218.0,13030217.0,6000.0,4000.0,s3://ladi/Images/FEMA_CAP/9074/613741/DSC_4798_272e762c-54cd-4296-848b-3c08e7d234a6.jpg,https://ladi.s3-us-west-2.amazonaws.com/Images/FEMA_CAP/9074/613741/DSC_4798_272e762c-54cd-4296-848b-3c08e7d234a6.jpg
306156,1d8ee4124a66dd13a62a05436892c90591713384,2017-09-08 19:06:18,30.107181666666698,-93.83553,310.0,13987301.0,6000.0,4000.0,s3://ladi/Images/FEMA_CAP/9073/613901/DSC_6992_f2702aa5-32e8-4522-84c3-cd529e1760ab.jpg,https://ladi.s3-us-west-2.amazonaws.com/Images/FEMA_CAP/9073/613901/DSC_6992_f2702aa5-32e8-4522-84c3-cd529e1760ab.jpg
310831,fecceedc5f45232e05785ae00da1fdf045f03edb,2017-09-01 21:18:45,30.624263333333303,-95.0652566666667,429.0,11941148.0,6000.0,4000.0,s3://ladi/Images/FEMA_CAP/9073/613555/DSC_0150_c8a51c6f-3604-4485-ab6b-f32cfdbcbca2.jpg,https://ladi.s3-us-west-2.amazonaws.com/Images/FEMA_CAP/9073/613555/DSC_0150_c8a51c6f-3604-4485-ab6b-f32cfdbcbca2.jpg
315372,b6449a147bc3dde3e2550db54f33331ee3dda219,2017-09-01 21:52:25,30.624263333333303,-95.0652566666667,429.0,11927781.0,6000.0,4000.0,s3://ladi/Images/FEMA_CAP/9073/613555/DSC_0747_6578c312-d2aa-49b3-a83c-d136d971f50d.jpg,https://ladi.s3-us-west-2.amazonaws.com/Images/FEMA_CAP/9073/613555/DSC_0747_6578c312-d2aa-49b3-a83c-d136d971f50d.jpg
318928,fa493d05358ec2f1b8c072574a52df0f9649aa62,2017-09-02 00:21:59,29.576490000000003,-95.6814883333333,309.0,9427871.0,6000.0,4000.0,s3://ladi/Images/FEMA_CAP/9073/613556/DSC_1301_275bab5e-ba53-4d03-b22d-e7c7f000a14c.jpg,https://ladi.s3-us-west-2.amazonaws.com/Images/FEMA_CAP/9073/613556/DSC_1301_275bab5e-ba53-4d03-b22d-e7c7f000a14c.jpg
319798,d24178833fda4d1862d222aa539cbb006306f8d5,2017-09-10 09:17:35,30.1084633333333,-94.0671716666667,338.0,8663521.0,4496.0,3000.0,s3://ladi/Images/FEMA_CAP/9073/613828/020_2659_722a99db-3ecc-4f2c-853d-44c7db60fbe2.jpg,https://ladi.s3-us-west-2.amazonaws.com/Images/FEMA_CAP/9073/613828/020_2659_722a99db-3ecc-4f2c-853d-44c7db60fbe2.jpg
321421,8e73de280d7ebc4de94b106827a3459b9bdd19b4,2017-09-10 10:18:17,30.4260783333333,-94.12064000000001,370.0,7467780.0,4496.0,3000.0,s3://ladi/Images/FEMA_CAP/9073/613828/020_4231_248ecd4f-8455-4eb1-80a3-4272e3644d09.jpg,https://ladi.s3-us-west-2.amazonaws.com/Images/FEMA_CAP/9073/613828/020_4231_248ecd4f-8455-4eb1-80a3-4272e3644d09.jpg
322944,e25e60b927632d657e17565c091a2cb759e08976,2017-09-10 10:18:05,30.019776666666697,-95.2378383333333,298.0,11586078.0,6000.0,4000.0,s3://ladi/Images/FEMA_CAP/9073/613829/DSC_0962_6f1ff3af-1f5b-468c-91dd-0b789d2f81f0.jpg,https://ladi.s3-us-west-2.amazonaws.com/Images/FEMA_CAP/9073/613829/DSC_0962_6f1ff3af-1f5b-468c-91dd-0b789d2f81f0.jpg
324490,edf0740dc47ae75c437f2bf46d0c0bb47135e64a,2017-09-16 17:14:53,18.291456666666697,-66.7088066666667,1211.0,12829474.0,6000.0,4000.0,s3://ladi/Images/FEMA_CAP/9074/613770/DSC_3732_3b6aac3a-056d-429f-90dd-1229fa7d59ea.jpg,https://ladi.s3-us-west-2.amazonaws.com/Images/FEMA_CAP/9074/613770/DSC_3732_3b6aac3a-056d-429f-90dd-1229fa7d59ea.jpg
329280,6a7e7246482eb206801e68b26417c0ac74358dae,2017-10-14 10:51:34,18.2813133333333,-66.71030999999999,817.0,4820836.0,3600.0,2400.0,s3://ladi/Images/FEMA_CAP/9075/614113/A0116_AP_fe3425a1-7b2a-4155-80cd-4233a2e8c96d.jpg,https://ladi.s3-us-west-2.amazonaws.com/Images/FEMA_CAP/9075/614113/A0116_AP_fe3425a1-7b2a-4155-80cd-4233a2e8c96d.jpg
336620,81b4539ca49bddc4fcd30711602baac3c60bb9fa,2016-10-13 17:14:16,34.410578333333305,-79.123675,255.0,6177652.0,6000.0,4000.0,s3://ladi/Images/FEMA_CAP/3043/291616/DSC_0972_f6ff7d89-e392-4144-ab2c-b4fbd7d1d94a.jpg,https://ladi.s3-us-west-2.amazonaws.com/Images/FEMA_CAP/3043/291616/DSC_0972_f6ff7d89-e392-4144-ab2c-b4fbd7d1d94a.jpg
336993,186d2c7facc761aa40a910e92d0acff6d065ffe9,2017-08-31 15:49:22,27.689446666666697,-97.5388266666667,335.0,12152472.0,6000.0,4000.0,s3://ladi/Images/FEMA_CAP/9073/613531/DSC_0539_17121ca4-09fa-4464-86f3-2bc15fde4fbd.jpg,https://ladi.s3-us-west-2.amazonaws.com/Images/FEMA_CAP/9073/613531/DSC_0539_17121ca4-09fa-4464-86f3-2bc15fde4fbd.jpg
339433,621125f131851360d5de7d3e4614ed98200b113a,2017-09-23 08:25:30,18.460079999999998,-66.1385883333333,478.0,841471.0,6000.0,4000.0,s3://ladi/Images/FEMA_CAP/9075/613981/A0017-30_be330fc3-58de-4a97-b2d2-2a27526b3080.jpg,https://ladi.s3-us-west-2.amazonaws.com/Images/FEMA_CAP/9075/613981/A0017-30_be330fc3-58de-4a97-b2d2-2a27526b3080.jpg
345444,6015d44777096cdce6a7f8c4b784c8533267690a,2017-10-13 10:35:01,18.319911666666698,-65.7058333333333,603.0,8942023.0,4496.0,3000.0,s3://ladi/Images/FEMA_CAP/9075/614104/A0084_AP_06d42dea-9975-4449-9625-f1456964e940.jpg,https://ladi.s3-us-west-2.amazonaws.com/Images/FEMA_CAP/9075/614104/A0084_AP_06d42dea-9975-4449-9625-f1456964e940.jpg
345459,081d1977354a585c8162e74cbdb281f9959d4105,2017-10-13 10:57:24,18.21162,-65.73274,419.0,7330929.0,4496.0,3000.0,s3://ladi/Images/FEMA_CAP/9075/614104/A0084_AP_0c407c61-c5ef-4332-ad82-0092c9e4dfb3.jpg,https://ladi.s3-us-west-2.amazonaws.com/Images/FEMA_CAP/9075/614104/A0084_AP_0c407c61-c5ef-4332-ad82-0092c9e4dfb3.jpg
348080,be370074d520b0e7d401c12b861258a04cb6f931,2017-08-31 16:37:30,27.782706666666698,-97.5354516666667,319.0,12404783.0,6000.0,4000.0,s3://ladi/Images/FEMA_CAP/9073/613531/DSC_0981_409688f4-02ee-40dd-81e4-389a6ec6b617.jpg,https://ladi.s3-us-west-2.amazonaws.com/Images/FEMA_CAP/9073/613531/DSC_0981_409688f4-02ee-40dd-81e4-389a6ec6b617.jpg
354514,98e966c9036b16683492acf4f68f670c616eb807,2017-10-15 11:44:33,18.2806283333333,-67.0459566666667,785.0,4626270.0,3600.0,2400.0,s3://ladi/Images/FEMA_CAP/9075/614120/A0119_AP_b902a71d-d347-44b0-986d-20c27088ecb1.jpg,https://ladi.s3-us-west-2.amazonaws.com/Images/FEMA_CAP/9075/614120/A0119_AP_b902a71d-d347-44b0-986d-20c27088ecb1.jpg
369351,763dc1156c20013d2c3e975018069a522697d31a,2017-10-13 10:39:07,18.317865,-65.67992833333331,450.0,7481651.0,4496.0,3000.0,s3://ladi/Images/FEMA_CAP/9075/614105/A0084_AP_2b607ac7-1de5-49c8-95f0-d9bfcd454e8f.jpg,https://ladi.s3-us-west-2.amazonaws.com/Images/FEMA_CAP/9075/614105/A0084_AP_2b607ac7-1de5-49c8-95f0-d9bfcd454e8f.jpg
371471,ab030eab50d3be7d3ce78a6985e4dffa07fb9ad3,2017-09-16 10:47:19,28.357976666666698,-82.0649366666667,376.0,8162725.0,4496.0,3000.0,s3://ladi/Images/FEMA_CAP/9074/613783/ABW_0241_07bf4fe6-403c-4c88-a3c2-d0ebe84523d5.jpg,https://ladi.s3-us-west-2.amazonaws.com/Images/FEMA_CAP/9074/613783/ABW_0241_07bf4fe6-403c-4c88-a3c2-d0ebe84523d5.jpg
382889,2c99a9df2341944b19c42fadf467f01c238505d2,2017-09-25 08:43:54,17.9947083333333,-66.2186583333333,317.0,3490148.0,4608.0,3456.0,s3://ladi/Images/FEMA_CAP/9075/613988/VIRB0199_5a4a0603-0730-4448-9f40-79027765dbca.jpg,https://ladi.s3-us-west-2.amazonaws.com/Images/FEMA_CAP/9075/613988/VIRB0199_5a4a0603-0730-4448-9f40-79027765dbca.jpg
385673,fea5794e2518def1dab89cb9d4b156e5a72a7d3d,2016-10-09 16:31:47,31.749565000000004,-81.160935,464.0,6150174.0,6000.0,4000.0,s3://ladi/Images/FEMA_CAP/3045/291508/DSC_1784_c8c2ac1e-5bd8-4f5b-9857-09897abc5c85.jpg,https://ladi.s3-us-west-2.amazonaws.com/Images/FEMA_CAP/3045/291508/DSC_1784_c8c2ac1e-5bd8-4f5b-9857-09897abc5c85.jpg
386518,a2057046940635df5fb7e0e9af624dda71b2feb0,2017-10-17 13:11:22,18.45026,-66.2714733333333,442.0,11061603.0,4496.0,3000.0,s3://ladi/Images/FEMA_CAP/9075/614130/A0029_AP_40660696-1724-479e-a67a-c1c73fca3a93.jpg,https://ladi.s3-us-west-2.amazonaws.com/Images/FEMA_CAP/9075/614130/A0029_AP_40660696-1724-479e-a67a-c1c73fca3a93.jpg
393459,74847f457915abcbb920159dbf639c17505f7f3f,2016-10-09 17:16:10,32.01704,-81.0697266666667,446.0,6578320.0,6000.0,4000.0,s3://ladi/Images/FEMA_CAP/3045/291518/DSC_0151_43104f15-8633-4043-8de4-bd30b5fd16d4.jpg,https://ladi.s3-us-west-2.amazonaws.com/Images/FEMA_CAP/3045/291518/DSC_0151_43104f15-8633-4043-8de4-bd30b5fd16d4.jpg
403285,863ac5fb46543f657d33e20b476ca1f62a553d27,2017-05-03 13:35:29,29.8875083333333,-84.3906566666667,320.0,9051367.0,6000.0,4000.0,s3://ladi/Images/FEMA_CAP/5060/443389/HurconEX_89ca4911-7fed-4300-9d68-aa5421fd8833.jpg,https://ladi.s3-us-west-2.amazonaws.com/Images/FEMA_CAP/5060/443389/HurconEX_89ca4911-7fed-4300-9d68-aa5421fd8833.jpg
405412,d2a897e2f9093da0b33d22f6e4e84f5bdd64443a,2017-10-17 12:01:37,18.3405216666667,-66.345825,445.0,9079592.0,4496.0,3000.0,s3://ladi/Images/FEMA_CAP/9075/614133/A0029_AP_58d26ae1-edb7-4149-ba89-b42fc98105bc.jpg,https://ladi.s3-us-west-2.amazonaws.com/Images/FEMA_CAP/9075/614133/A0029_AP_58d26ae1-edb7-4149-ba89-b42fc98105bc.jpg
412623,89bf445e0b08757804eda63ba49baf9cd090a28e,2017-09-16 16:44:38,27.33928,-82.1831233333333,332.0,10761741.0,6000.0,4000.0,s3://ladi/Images/FEMA_CAP/9074/613786/DSC_143_98d661eb-33a3-40e9-bb51-1b2854b3f2b5.jpg,https://ladi.s3-us-west-2.amazonaws.com/Images/FEMA_CAP/9074/613786/DSC_143_98d661eb-33a3-40e9-bb51-1b2854b3f2b5.jpg
419531,a0c81cec5163830498239a23ead754f6bc96ea5f,2017-09-15 17:24:27,26.624005,-81.66125833333331,297.0,4918841.0,3696.0,2448.0,s3://ladi/Images/FEMA_CAP/9074/613755/DSC_2091_da0a96cc-663b-4dc3-8c49-376d954fff3f.jpg,https://ladi.s3-us-west-2.amazonaws.com/Images/FEMA_CAP/9074/613755/DSC_2091_da0a96cc-663b-4dc3-8c49-376d954fff3f.jpg
423906,21617e6d4a8940d04bddad3a854085cb5ff4118b,2017-10-13 15:14:17,17.9692716666667,-66.2554033333333,328.0,7338545.0,4496.0,3000.0,s3://ladi/Images/FEMA_CAP/9075/614110/A0068_AP_1287cbfd-b30a-4545-abcd-afa2ddbdd86c.jpg,https://ladi.s3-us-west-2.amazonaws.com/Images/FEMA_CAP/9075/614110/A0068_AP_1287cbfd-b30a-4545-abcd-afa2ddbdd86c.jpg
425242,e133b53bfe2958a2ea131013903b875080b11abc,2018-11-17 12:11:34,36.178991666666704,-79.42092,461.0,14231405.0,6000.0,4000.0,s3://ladi/Images/FEMA_CAP/7068/615404/DSC_7740_10629b4e-e41d-459e-9087-3018c5e7c5e6.jpg,https://ladi.s3-us-west-2.amazonaws.com/Images/FEMA_CAP/7068/615404/DSC_7740_10629b4e-e41d-459e-9087-3018c5e7c5e6.jpg
427423,6b003f3e1d35a22dfceaeabdfe16be84c04bc3af,2018-11-17 12:47:56,35.95084,-79.3168533333333,422.0,14236028.0,6000.0,4000.0,s3://ladi/Images/FEMA_CAP/7068/615404/DSC_7871_025f7eb6-6fc0-4f83-98bf-25c2074c5142.jpg,https://ladi.s3-us-west-2.amazonaws.com/Images/FEMA_CAP/7068/615404/DSC_7871_025f7eb6-6fc0-4f83-98bf-25c2074c5142.jpg
429994,c3518ef9c7bedc276a7b33bf2523e90482943b37,2017-10-13 14:27:57,17.983448333333303,-66.275675,306.0,7330404.0,4496.0,3000.0,s3://ladi/Images/FEMA_CAP/9075/614110/A0068_AP_5a1b8f5c-7477-41fc-9fa2-635733fa69b8.jpg,https://ladi.s3-us-west-2.amazonaws.com/Images/FEMA_CAP/9075/614110/A0068_AP_5a1b8f5c-7477-41fc-9fa2-635733fa69b8.jpg
431243,754b829fc1c5558e0169956ee45a8ba277a26694,2017-10-13 14:28:14,17.984273333333302,-66.2836416666667,295.0,7671939.0,4496.0,3000.0,s3://ladi/Images/FEMA_CAP/9075/614110/A0068_AP_708469b0-354f-491d-ac85-ab232db102c9.jpg,https://ladi.s3-us-west-2.amazonaws.com/Images/FEMA_CAP/9075/614110/A0068_AP_708469b0-354f-491d-ac85-ab232db102c9.jpg
431247,5c57b58f0ea30ef572a3fed5b3f47f19ac2a1249,2017-10-13 14:40:50,17.966613333333303,-66.23354499999999,394.0,7140075.0,4496.0,3000.0,s3://ladi/Images/FEMA_CAP/9075/614110/A0068_AP_71844a3e-7cb6-4ad5-8119-9c6e096414b5.jpg,https://ladi.s3-us-west-2.amazonaws.com/Images/FEMA_CAP/9075/614110/A0068_AP_71844a3e-7cb6-4ad5-8119-9c6e096414b5.jpg
433870,c7a7b0556897cab4b383dda9863f120e42cb7b8b,2017-09-15 16:56:34,18.0004633333333,-66.02558499999999,442.0,12149408.0,6000.0,4000.0,s3://ladi/Images/FEMA_CAP/9074/613756/DSC_5130_fca81072-b774-4b6f-ba25-877406753b67.jpg,https://ladi.s3-us-west-2.amazonaws.com/Images/FEMA_CAP/9074/613756/DSC_5130_fca81072-b774-4b6f-ba25-877406753b67.jpg
434185,aa430c0745211a9ce2ba88550893604f88efe272,2018-10-18 18:15:42,30.211084999999997,-85.60011166666669,301.0,13051979.0,6000.0,4000.0,s3://ladi/Images/FEMA_CAP/9099/615236/DSC_5954_d32364a0-a581-44d8-af5b-fab0a67ad80e.jpg,https://ladi.s3-us-west-2.amazonaws.com/Images/FEMA_CAP/9099/615236/DSC_5954_d32364a0-a581-44d8-af5b-fab0a67ad80e.jpg
434212,0dd5a9dbe233b3b4e38b3405485bbfa8cdf1bb7a,2017-10-13 17:10:37,17.966498333333302,-66.23566833333331,292.0,7055991.0,4496.0,3000.0,s3://ladi/Images/FEMA_CAP/9075/614110/A0068_AP_bc4a85cd-9d10-4ea9-b1a7-f206ea07230e.jpg,https://ladi.s3-us-west-2.amazonaws.com/Images/FEMA_CAP/9075/614110/A0068_AP_bc4a85cd-9d10-4ea9-b1a7-f206ea07230e.jpg
435508,786ebbdc3a5acd77cd036e80ab516f4f67ded6eb,2017-09-17 10:11:29,28.3013333333333,-80.629785,311.0,9354578.0,6000.0,4000.0,s3://ladi/Images/FEMA_CAP/9074/613793/DSC_0654_eb053e6c-cdfc-4493-9c7c-d30bcefc83e9.jpg,https://ladi.s3-us-west-2.amazonaws.com/Images/FEMA_CAP/9074/613793/DSC_0654_eb053e6c-cdfc-4493-9c7c-d30bcefc83e9.jpg
437276,ac5823b815323ad8c1093fe97a5ef5104e7fd5a2,2017-09-17 10:38:43,28.3029466666667,-80.6677316666667,316.0,10883745.0,6000.0,4000.0,s3://ladi/Images/FEMA_CAP/9074/613793/DSC_0892_6a2d60a8-f059-4f36-889c-2788f8c42278.jpg,https://ladi.s3-us-west-2.amazonaws.com/Images/FEMA_CAP/9074/613793/DSC_0892_6a2d60a8-f059-4f36-889c-2788f8c42278.jpg
439523,7442f9252e2bef7266282003c2cdfd94015c5fe1,2017-09-17 11:22:56,27.858735,-82.1419033333333,366.0,6245858.0,6000.0,4000.0,s3://ladi/Images/FEMA_CAP/9074/613795/DSC_6893_9802a2a5-41ea-493c-b626-4d64fb14e61b.jpg,https://ladi.s3-us-west-2.amazonaws.com/Images/FEMA_CAP/9074/613795/DSC_6893_9802a2a5-41ea-493c-b626-4d64fb14e61b.jpg
440192,a412a59d9034d1b28778797dc6cb1ca566d7305d,2017-10-13 18:07:24,18.511535000000002,-67.1190583333333,352.0,6816306.0,4496.0,3000.0,s3://ladi/Images/FEMA_CAP/9075/614111/A0068_AP_fd4d023e-fecf-4dd3-a0a0-d647c21ee9c6.jpg,https://ladi.s3-us-west-2.amazonaws.com/Images/FEMA_CAP/9075/614111/A0068_AP_fd4d023e-fecf-4dd3-a0a0-d647c21ee9c6.jpg
443726,26e16b31100920d3f979bde0e9c33e45c1f23859,2017-09-26 13:58:57,18.340165,-65.6490166666667,281.0,7651986.0,4496.0,3000.0,s3://ladi/Images/FEMA_CAP/9075/614001/A0027-02_bc089004-3c48-4266-92cd-2b2024311dae.jpg,https://ladi.s3-us-west-2.amazonaws.com/Images/FEMA_CAP/9075/614001/A0027-02_bc089004-3c48-4266-92cd-2b2024311dae.jpg
444073,bbe818c72a30584203c943d4225e7649bf3d9307,2017-10-12 14:48:29,18.09787,-66.1673166666667,1055.0,7415686.0,4496.0,3000.0,s3://ladi/Images/FEMA_CAP/9075/614100/A0015_AP_791fb0ed-3e03-4a9b-b5e1-b899742b962c.jpg,https://ladi.s3-us-west-2.amazonaws.com/Images/FEMA_CAP/9075/614100/A0015_AP_791fb0ed-3e03-4a9b-b5e1-b899742b962c.jpg
444089,54a91f2014df646545fbbd437d1c1dc1aa5c426b,2017-10-12 14:38:55,18.08266,-66.24654,988.0,5507773.0,4496.0,3000.0,s3://ladi/Images/FEMA_CAP/9075/614100/A0015_AP_8159706b-c55b-4db8-927b-2ecc2858f387.jpg,https://ladi.s3-us-west-2.amazonaws.com/Images/FEMA_CAP/9075/614100/A0015_AP_8159706b-c55b-4db8-927b-2ecc2858f387.jpg
444100,f8c16a228d17ab9acd7a8f4222165a8b2044761c,2017-10-12 14:47:52,18.100218333333302,-66.1506266666667,1041.0,7193122.0,4496.0,3000.0,s3://ladi/Images/FEMA_CAP/9075/614100/A0015_AP_892c6840-110b-4154-a701-9ca9bca63310.jpg,https://ladi.s3-us-west-2.amazonaws.com/Images/FEMA_CAP/9075/614100/A0015_AP_892c6840-110b-4154-a701-9ca9bca63310.jpg
445485,d2fa8a8fa2543dafef7dcf2c7dfc83f50ec2c07e,2017-10-11 10:16:56,18.476961111111102,-66.1454388888889,604.0,3619518.0,4608.0,3456.0,s3://ladi/Images/FEMA_CAP/9075/614102/A0022_V__16c145ec-9948-4c5d-b886-56ddb01ebfd4.jpg,https://ladi.s3-us-west-2.amazonaws.com/Images/FEMA_CAP/9075/614102/A0022_V__16c145ec-9948-4c5d-b886-56ddb01ebfd4.jpg
448612,84c66ec686fdc5fcba4b13e1a87ccf9a15ff9a0b,2017-09-01 23:55:09,30.522148333333302,-93.7286133333333,153.0,14836644.0,6000.0,4000.0,s3://ladi/Images/FEMA_CAP/9073/613538/DSC_0614_5a9c9504-1845-43da-8a4e-31af30baceac.jpg,https://ladi.s3-us-west-2.amazonaws.com/Images/FEMA_CAP/9073/613538/DSC_0614_5a9c9504-1845-43da-8a4e-31af30baceac.jpg
448782,d9afb06638a06b8a5cf3494e5afef58b89a26cfc,2017-09-02 00:34:22,30.584963333333302,-93.6975066666667,309.0,9521036.0,6000.0,4000.0,s3://ladi/Images/FEMA_CAP/9073/613538/DSC_1542_de9b6a3b-047e-49d2-8f4c-048ad4410ee3.jpg,https://ladi.s3-us-west-2.amazonaws.com/Images/FEMA_CAP/9073/613538/DSC_1542_de9b6a3b-047e-49d2-8f4c-048ad4410ee3.jpg
451307,adcc849b4ab4f4e7d92ec6d29409eb9f42d78c8f,2019-09-04 13:47:27,29.746408333333303,-95.0810383333333,376.0,15709277.0,6000.0,4000.0,s3://ladi/Images/FEMA_CAP/9107/616210/DSC_0589_94663599-dcc0-44db-9d66-2afa67329e14.jpg,https://ladi.s3-us-west-2.amazonaws.com/Images/FEMA_CAP/9107/616210/DSC_0589_94663599-dcc0-44db-9d66-2afa67329e14.jpg
451722,24418cdcc2e5bff10b6e84fdbae9be4d3fb659aa,2019-09-04 14:42:04,29.290129999999998,-95.5469883333333,283.0,15398919.0,6000.0,4000.0,s3://ladi/Images/FEMA_CAP/9107/616210/DSC_0981_1a25fd14-f09e-48cc-a6e9-491466e9db7d.jpg,https://ladi.s3-us-west-2.amazonaws.com/Images/FEMA_CAP/9107/616210/DSC_0981_1a25fd14-f09e-48cc-a6e9-491466e9db7d.jpg
453415,ad655ea6a246ee34af2fe5674abcf9f992afb738,2017-09-15 18:11:48,33.906581666666696,-78.2457666666667,470.0,6112261.0,6000.0,4000.0,s3://ladi/Images/FEMA_CAP/5/613742/DSC_6049_0d42648c-99eb-42e8-ad91-351aabf18001.jpg,https://ladi.s3-us-west-2.amazonaws.com/Images/FEMA_CAP/5/613742/DSC_6049_0d42648c-99eb-42e8-ad91-351aabf18001.jpg
458898,7dc7a52fddb4ea37378df14d14f7e7bcbea84690,2018-04-25 18:18:32,32.50626,-80.9869783333333,417.0,6132231.0,6000.0,4000.0,s3://ladi/Images/FEMA_CAP/5/614457/RCK_0673_36e717f7-d8d8-47a6-beaf-b3f08a387b1f.jpg,https://ladi.s3-us-west-2.amazonaws.com/Images/FEMA_CAP/5/614457/RCK_0673_36e717f7-d8d8-47a6-beaf-b3f08a387b1f.jpg
473929,3edb3fa197d880f5deefdd637b1be02bf2832b86,2018-11-23 15:15:13,35.267097222222205,-78.7023388888889,630.0,3569501.0,4608.0,3456.0,s3://ladi/Images/FEMA_CAP/5/615428/VIRB0207_e4453c42-0ea7-443e-ac15-6dcddcb5cae6.jpg,https://ladi.s3-us-west-2.amazonaws.com/Images/FEMA_CAP/5/615428/VIRB0207_e4453c42-0ea7-443e-ac15-6dcddcb5cae6.jpg
480477,5d887cc9b071cc76b58b620e23a0169e30f51e57,2018-12-16 14:05:57,35.3186866666667,-78.6980466666667,397.0,17091518.0,6000.0,4000.0,s3://ladi/Images/FEMA_CAP/5/615469/DSC_0738_5ba64b0e-1a7c-4e8e-b9cf-7bfabc6226e2.jpg,https://ladi.s3-us-west-2.amazonaws.com/Images/FEMA_CAP/5/615469/DSC_0738_5ba64b0e-1a7c-4e8e-b9cf-7bfabc6226e2.jpg
487523,14f79377a887511a197a6ccc8d72817eed20a09d,2018-09-08 11:34:39,32.83031,-81.2018433333333,492.0,6099211.0,4288.0,2848.0,s3://ladi/Images/FEMA_CAP/5/614945/DSC_1738_fe57df5d-ee62-4d1f-a54c-142036dc24bc.jpg,https://ladi.s3-us-west-2.amazonaws.com/Images/FEMA_CAP/5/614945/DSC_1738_fe57df5d-ee62-4d1f-a54c-142036dc24bc.jpg
505769,60ff3213bd6932ef4db45644655b2dffdff663bd,2017-07-29 20:18:21,35.703695,-80.9900783333333,603.0,7077243.0,4288.0,2848.0,s3://ladi/Images/FEMA_CAP/5/583511/DSC_0006_89ce999d-730a-48a6-9e31-eb967012ce99.jpg,https://ladi.s3-us-west-2.amazonaws.com/Images/FEMA_CAP/5/583511/DSC_0006_89ce999d-730a-48a6-9e31-eb967012ce99.jpg
526248,7e5838f02f7d0145dad297dc6981b178c9df95f4,2017-09-08 08:16:21,36.0066416666667,-75.63815833333331,592.0,11005457.0,6000.0,4000.0,s3://ladi/Images/FEMA_CAP/5/613597/DSC_4564_13ef294a-988f-4dbf-9567-62614b456a77.jpg,https://ladi.s3-us-west-2.amazonaws.com/Images/FEMA_CAP/5/613597/DSC_4564_13ef294a-988f-4dbf-9567-62614b456a77.jpg
536472,3e55d27ab0845e84dc6cdf148468a69b526b0a62,2017-04-29 12:47:57,32.6170566666667,-86.27681,96.0,7348124.0,4288.0,2848.0,s3://ladi/Images/FEMA_CAP/5/443366/DSC_0020_395258a4-b792-48ed-bf6d-e3ef721f175c.jpg,https://ladi.s3-us-west-2.amazonaws.com/Images/FEMA_CAP/5/443366/DSC_0020_395258a4-b792-48ed-bf6d-e3ef721f175c.jpg
541701,bb34f355cd9b020a43ded0dea2c2d00c66b0ce5e,2017-05-06 12:32:42,35.730895000000004,-80.6086233333333,593.0,13314189.0,6000.0,4000.0,s3://ladi/Images/FEMA_CAP/5/443440/17-T-481_38c9c36c-e655-406e-b892-48e2be3bf252.jpg,https://ladi.s3-us-west-2.amazonaws.com/Images/FEMA_CAP/5/443440/17-T-481_38c9c36c-e655-406e-b892-48e2be3bf252.jpg
543426,5c8418f4eeb0a446f29d786308a3bee8a278f8b5,2018-08-14 00:15:58,37.1069183333333,-76.405635,300.0,12795440.0,6000.0,4000.0,s3://ladi/Images/FEMA_CAP/5/614905/CAP_0853_335282ba-5e4c-4e1b-a784-489be32312f2.jpg,https://ladi.s3-us-west-2.amazonaws.com/Images/FEMA_CAP/5/614905/CAP_0853_335282ba-5e4c-4e1b-a784-489be32312f2.jpg
547775,e8b97d7972bc940f939c846165bd1d31a529425a,2019-09-06 20:45:32,30.065501666666698,-81.673395,324.0,15140516.0,6000.0,4000.0,s3://ladi/Images/FEMA_CAP/9157/616220/DSC_8037_af674db4-abfc-4df6-b63b-ae9ec9f11ba8.jpg,https://ladi.s3-us-west-2.amazonaws.com/Images/FEMA_CAP/9157/616220/DSC_8037_af674db4-abfc-4df6-b63b-ae9ec9f11ba8.jpg
547785,874672cae2bc98286c4aeee41a9445dfd8c38ec5,2019-09-06 20:46:08,30.0534616666667,-81.6803183333333,314.0,11889914.0,6000.0,4000.0,s3://ladi/Images/FEMA_CAP/9157/616220/DSC_8047_9976b130-d49d-40da-99ea-2625b32ed830.jpg,https://ladi.s3-us-west-2.amazonaws.com/Images/FEMA_CAP/9157/616220/DSC_8047_9976b130-d49d-40da-99ea-2625b32ed830.jpg
548058,fe461975aa9a68bf40d1317471724b593e19b9f8,2019-09-07 18:15:00,34.700991666666695,-76.7046,638.0,3626948.0,4288.0,2848.0,s3://ladi/Images/FEMA_CAP/9161/616226/FEMA_Reg_5a5a573d-9760-4236-bbc0-06f4160cc9af.jpg,https://ladi.s3-us-west-2.amazonaws.com/Images/FEMA_CAP/9161/616226/FEMA_Reg_5a5a573d-9760-4236-bbc0-06f4160cc9af.jpg
548529,da67049defe87aad22851e71c8f7bf7e5de64dcd,2019-09-06 18:07:28,34.2840466666667,-77.9964283333333,519.0,6192032.0,4288.0,2848.0,s3://ladi/Images/FEMA_CAP/9161/616222/FEMA_REG_f131ef57-2201-4d73-aded-64eee297bd14.jpg,https://ladi.s3-us-west-2.amazonaws.com/Images/FEMA_CAP/9161/616222/FEMA_REG_f131ef57-2201-4d73-aded-64eee297bd14.jpg
548810,11a4af2cc575f084c7b56be87393ce6f0424c283,2019-09-06 18:32:15,34.2480966666667,-77.944185,845.0,5555393.0,4288.0,2848.0,s3://ladi/Images/FEMA_CAP/9161/616222/FEMA_REG_76db80e8-1c30-40c9-a4b3-290870de9581.jpg,https://ladi.s3-us-west-2.amazonaws.com/Images/FEMA_CAP/9161/616222/FEMA_REG_76db80e8-1c30-40c9-a4b3-290870de9581.jpg
549079,2d3dba4ecdef70d48d77aa67f9fed763c737922d,2019-09-06 21:20:43,30.317323333333302,-81.65573,321.0,13654546.0,6000.0,4000.0,s3://ladi/Images/FEMA_CAP/9157/616220/DSC_8298_2c45feae-b194-42b2-8278-6e268d41b620.jpg,https://ladi.s3-us-west-2.amazonaws.com/Images/FEMA_CAP/9157/616220/DSC_8298_2c45feae-b194-42b2-8278-6e268d41b620.jpg
549125,3b52243a66c8dc562c50659f7e1e124e5eb7417a,2019-09-06 21:03:13,30.066886666666697,-81.6841133333333,323.0,13161586.0,6000.0,4000.0,s3://ladi/Images/FEMA_CAP/9157/616220/DSC_8150_24555519-074d-486a-8eed-f27ee3d0e867.jpg,https://ladi.s3-us-west-2.amazonaws.com/Images/FEMA_CAP/9157/616220/DSC_8150_24555519-074d-486a-8eed-f27ee3d0e867.jpg
549138,d5e5459b3fc872e13d53b79fd27effa70218940c,2019-09-06 20:42:02,30.133888333333303,-81.669505,324.0,15435703.0,6000.0,4000.0,s3://ladi/Images/FEMA_CAP/9157/616220/DSC_7999_56d8b313-dae2-4b3f-9a25-cdecb6b33942.jpg,https://ladi.s3-us-west-2.amazonaws.com/Images/FEMA_CAP/9157/616220/DSC_7999_56d8b313-dae2-4b3f-9a25-cdecb6b33942.jpg
549191,ad8e29194cf0b8184af7e3b4213bd3b0cc0d46fc,2019-09-06 21:06:20,30.1456566666667,-81.6886033333333,322.0,16742158.0,6000.0,4000.0,s3://ladi/Images/FEMA_CAP/9157/616220/DSC_8181_0f016cd5-dc8b-4cb4-ad4b-3211febeb5ee.jpg,https://ladi.s3-us-west-2.amazonaws.com/Images/FEMA_CAP/9157/616220/DSC_8181_0f016cd5-dc8b-4cb4-ad4b-3211febeb5ee.jpg
